source_position,source_item_code,source_uom,source_product_name,category,detected_brand,detected_model,manufacturer,exact_model,manufacturer_part_number,source_url,source_type,candidate_image_asset_url,image_asset_status,exact_match_reasoning,sibling_variant_elimination,identity_confidence,image_confidence,classification,rights_status,rights_note,ambiguities,gemini_visual_review,source_preservation_note,research_notes_file
51,TOI-TRP-WC-SRTWC8354-SH-UF(250MM),PCS,Sorento Twister Flush Tech,Bathroom,Sorento,SRTWC8354-SH-UF,Sorento,SRTWC8354-SH,SRTWC8354-SH,https://www.sorento.com.my/media/attachments/2024/11/11/sorento-catalog-2024.pdf#page=7,official manufacturer catalogue/PDF,https://www.sorento.com.my/media/attachments/2024/11/11/sorento-catalog-2024.pdf#page=7,catalogue page crop not individually preserved,"Official Nov-2024 catalogue p.7 names SRTWC8354-SH, Twister Flushing Technology, L700xW370xH800mm, S-trap 150/200/250mm and P-trap 180mm.","Same page siblings SRTWC286-SH and SRTWC8066-S; source specifies UF seat-cover suffix, but catalogue text says PP Seat Cover and does not print UF.",MEDIUM,MEDIUM,PENDING,needs_permission,"Identity research only. No publication, reuse, or licensing permission was established.",Source SRTWC8354-SH-UF(250MM) vs catalogue SRTWC8354-SH with PP seat cover; UF suffix unresolved.,NO,PDF URL/page and sibling text preserved; exact UF image/seat-cover variant not proven.,products_51_100_sorento_notes.md
52,SHO-SOR-SRTWT2634-RG,PCS,Sorento Exposed Shower Set (matt Blk+rose Gold),Bathroom,Sorento,SRTWT2634-RG,Sorento,SRTWT2634-RG,SRTWT2634-RG,https://www.sorento.com.my/media/attachments/2024/11/11/sorento-catalog-2024.pdf#page=63,official manufacturer catalogue/PDF,https://www.sorento.com.my/media/attachments/2024/11/11/sorento-catalog-2024.pdf#page=63,catalogue page crop required for asset harvest,"Official catalogue p.63 names SRTWT2634-RG as a 3-Ways Exposed Shower Set c/w Spout, ABS rain shower head 188x288mm, 3-functions self-clean silicone-nozzle ABS hand shower, solid-brass body, Rose Gold + Matt Black.","Same page siblings SRTWT9606-BL, SRTWT9834-RG, SRTWT9606-GM, and SRTWT5936-GM; finish and model text isolate RG variant.",HIGH,MEDIUM,VERIFIED_CANDIDATE,needs_permission,"Identity research only. No publication, reuse, or licensing permission was established.",,YES,Exact PDF URL/page/crop and siblings recorded; downstream crop extraction and visual check still required.,products_51_100_sorento_notes.md
53,STA-GRI-SG6100,UNIT,Stanley Grinder 620W,Power Tools,Stanley,SG6100,Stanley,SG6100,SG6100,https://www.lkkhardware.com/showproducts/productid/5449423/620w-stanley-angle-grinder-sg6100xd/,dealer/discovery; suffix mismatch,NOT_PRESERVED,not preserved,"Search discovery identifies Stanley SG6100-XD 620W angle grinder, but the source row is SG6100 and no exact manufacturer/authorized package page was preserved.",SG6100-XD is not accepted as exact SG6100 without confirmation of the XD suffix and package/region.,MEDIUM,NONE,PENDING,needs_permission,"Identity research only. No publication, reuse, or licensing permission was established.",SG6100 vs SG6100-XD; exact image and package not preserved.,NO,Dealer/discovery URL only; no exact image preserved.,products_51_100_stanley_notes.md
54,STA-DRI-SCH10D2K,UNIT,Stanley 12V Tower Up Hammer Drill/driver 2.0AH,Power Tools,Stanley,SCH10D2K,Stanley,SCH10D2K-B1,SCH10D2K-B1,https://theleedenstore.com.my/product/stanley-sch10d2k-b1-12v-brushed-cordless-hammer-drill-with-2-0ah-battery-1-5a-charger/,authorized Malaysian dealer,https://theleedenstore.com.my/wp-content/uploads/2024/02/STENLEY-CORDLESS-SERIES_STANLEY-SCH10D2K-B1-12V-BRUSHED-CORDLESS-HAMMER-DRILL-WITH-2.0AH-BATTERY-1.5A-CHARGER.jpg,exact dealer asset; not rights-cleared,"Dealer page exactly identifies SCH10D2K-B1, 12V, 2.0Ah battery, 1.5A charger, 30Nm, 20 torque settings, 10mm chuck, and tower-up hammer drill configuration.",Source row says SCH10D2K without -B1; B1 package suffix is a material regional/package distinction and is not treated as exact.,HIGH,HIGH,PENDING,needs_permission,"Identity research only. No publication, reuse, or licensing permission was established.",SCH10D2K vs SCH10D2K-B1 package suffix.,YES,"Exact dealer page/image preserved, but official manufacturer confirmation and publication rights are absent.",products_51_100_stanley_notes.md
55,TOI-TRP-WC-2110A-S,SET,Saniware Eco Seat Cover Top&bottom Washdown Two-piece Closet,Bathroom,Saniware,WC-2110A-S250MM,Saniware,WC-2110A-S200,WC-2110A-S200,https://saniware.com/product/wc-2110a-s200/,official manufacturer sibling page,NOT_PRESERVED,not preserved,"Official Saniware sibling page is WC-2110A-S200; source requires WC-2110A-S250MM, so exact trap-size variant is not proven.",S200 sibling cannot substitute for source S250MM; exact 250MM image/page was not preserved.,MEDIUM,NONE,PENDING,needs_permission,"Identity research only. No publication, reuse, or licensing permission was established.",S200 vs S250MM trap size.,NO,Official sibling page preserved; exact source variant remains unavailable.,products_51_100_saniware_notes.md
56,TOI-TRP-WC-2122A-S,SET,Saniware Washdown Closet WC-2122A-S250MM,Bathroom,Saniware,WC-2122A-S250MM,Saniware,WC-2122A-S300,WC-2122A-S300,https://saniware.com/product/wc-2122a-s300/,official manufacturer sibling page,NOT_PRESERVED,not preserved,"Official Saniware sibling page is WC-2122A-S300; source requires WC-2122A-S250MM, so exact trap-size variant is not proven.",S300 sibling cannot substitute for source S250MM; exact 250MM image/page was not preserved.,MEDIUM,NONE,PENDING,needs_permission,"Identity research only. No publication, reuse, or licensing permission was established.",S300 vs S250MM trap size.,NO,Official sibling page preserved; exact source variant remains unavailable.,products_51_100_saniware_notes.md
57,TOI-TRP-WC-SRTWC286-SH-S(250MM),PCS,Sorento One Piece Washdown Flush Tech,Bathroom,Sorento,SRTWC286-SH-S,Sorento,SRTWC286-SH,SRTWC286-SH,https://www.sorento.com.my/media/attachments/2024/11/11/sorento-catalog-2024.pdf#page=7,official manufacturer catalogue/PDF,https://www.sorento.com.my/media/attachments/2024/11/11/sorento-catalog-2024.pdf#page=7,catalogue page crop required for asset harvest,"Official catalogue p.7 names SRTWC286-SH, Twister Flushing Technology, L680xW365xH735mm, S-trap 150/200/250mm and P-trap 180mm; source specifies 250mm.","Same page siblings SRTWC8354-SH and SRTWC8066-S; exact 250mm trap option and SH model match source, while sibling dimensions differ.",HIGH,MEDIUM,VERIFIED_CANDIDATE,needs_permission,"Identity research only. No publication, reuse, or licensing permission was established.",,YES,Exact PDF URL/page/crop and siblings recorded; crop extraction and visual review required.,products_51_100_sorento_notes.md
58,TOI-TRP-WC-SRTWC8504-S,PCS,Sorento Washdown W Rimless Flush Tech,Bathroom,Sorento,SRTWC8504-S,Sorento,SRTWC8504-RL,SRTWC8504-RL,https://www.sorento.com.my/media/attachments/2024/11/11/sorento-catalog-2024.pdf#page=9,official manufacturer catalogue/PDF,https://www.sorento.com.my/media/attachments/2024/11/11/sorento-catalog-2024.pdf#page=9,catalogue page crop not exact source suffix,"Official catalogue p.9 names SRTWC8504-RL, Washdown Flushing Technology, L700xW400xH760mm, S-trap 200/250mm, P-trap 180mm, PP seat cover.","Source code is SRTWC8504-S, while catalogue exact text is RL; source S suffix is not accepted as RL.",MEDIUM,MEDIUM,PENDING,needs_permission,"Identity research only. No publication, reuse, or licensing permission was established.",Source -S vs official catalogue -RL; exact suffix mapping unresolved.,NO,"Official PDF page preserved, but source suffix mismatch blocks exact classification.",products_51_100_sorento_notes.md
59,STA-GRI-SCG400-SOLO,UNIT,Stanley 20V Grinder,Power Tools,Stanley,SCG400,Stanley,SCG400,SCG400,NOT_PRESERVED,discovery only,NOT_PRESERVED,not preserved,"Discovery identifies Stanley SCG400 20V cordless grinder family, but no exact manufacturer/authorized product page, kit suffix, or image was preserved.",SCG400-SOLO source requires Solo package; generic SCG400 evidence cannot establish exact kit contents.,MEDIUM,NONE,PENDING,needs_permission,"Identity research only. No publication, reuse, or licensing permission was established.",SCG400 vs SCG400-SOLO exact package.,NO,Discovery only; no exact asset preserved.,products_51_100_stanley_notes.md
60,SHO-SOR-SRTWT2634,PCS,Sorento Exposed Shower Set 3-WAYS SRTWT2634,Bathroom,Sorento,3-WAYS,Sorento,SRTWT2634,SRTWT2634,https://www.sorento.com.my/media/attachments/2024/11/11/sorento-catalog-2024.pdf#page=62,official manufacturer catalogue/PDF,https://www.sorento.com.my/media/attachments/2024/11/11/sorento-catalog-2024.pdf#page=62,catalogue page crop required for asset harvest,"Official catalogue p.62 names SRTWT2634 as a Chrome 3-Ways Exposed Shower Set c/w Spout, ABS rain shower head 188x288mm, 3-functions self-clean silicone-nozzle ABS hand shower and solid-brass body.","Same page siblings SRTWT9607-RG, SRTWT2635 and SRTWT7633; source has no colour suffix and matches Chrome SRTWT2634.",HIGH,MEDIUM,VERIFIED_CANDIDATE,needs_permission,"Identity research only. No publication, reuse, or licensing permission was established.",,YES,Exact PDF URL/page/crop and sibling models preserved; visual crop review required.,products_51_100_sorento_notes.md
61,STA-ROT-HAM-SHR243KA,UNIT,Stanley Rotary Hammer 24MM,Power Tools,Stanley,SHR243KA,Stanley,SHR243KA,SHR243KA,NOT_PRESERVED,discovery only,NOT_PRESERVED,not preserved,"Discovery identifies Stanley SHR243KA 780W 24mm SDS-Plus rotary hammer family, but no exact preserved manufacturer/authorized asset was established.",SHR243KA-XD/dealer family material is not substituted for exact source kit.,MEDIUM,NONE,PENDING,needs_permission,"Identity research only. No publication, reuse, or licensing permission was established.",Exact package/kit suffix and image unresolved.,NO,Discovery only; exact source and asset not preserved.,products_51_100_stanley_notes.md
62,SHO-SOR-SRTSH22614-BL,PCS,Sorento 229MM ABS Rain Shower Head (matt Blk),Bathroom,Sorento,SRTSH22614-BL,Sorento,SRTSH22614-BL,SRTSH22614-BL,https://www.sorento.com.my/media/attachments/2024/11/11/sorento-catalog-2024.pdf#page=65,official manufacturer catalogue/PDF,https://www.sorento.com.my/media/attachments/2024/11/11/sorento-catalog-2024.pdf#page=65,catalogue page crop required for asset harvest,"Official catalogue p.65 names SRTSH22614-BL Rain Shower Head, D 200x200mm / 8x8in, Matt Black.","Same page siblings SRTSH22913-GM, SRTSH2626-BL, SRTSH22619-FRG and SRTSH22620-GY; exact model, size and Matt Black isolate the source.",HIGH,MEDIUM,VERIFIED_CANDIDATE,needs_permission,"Identity research only. No publication, reuse, or licensing permission was established.",,YES,Exact PDF URL/page/crop and sibling models preserved; visual crop review required.,products_51_100_sorento_notes.md
63,SIN-SOR-SRTKS6091,PCS,Sorento Undermount Kitchen Sink,Kitchen & Sinks,Sorento,SRTKS6091,Sorento,SRTKS6091,SRTKS6091-02,https://sorento.com.my/index.php?virtuemart_category_id%5B0%5D=21&virtuemart_category_id%5B1%5D=24&virtuemart_category_id%5B2%5D=135&virtuemart_category_id%5B3%5D=39&virtuemart_category_id%5B4%5D=84&virtuemart_category_id%5B5%5D=35&virtuemart_category_id%5B6%5D=59&virtuemart_category_id%5B7%5D=55&virtuemart_category_id%5B8%5D=52&virtuemart_category_id%5B9%5D=48&virtuemart_category_id%5B10%5D=46&virtuemart_category_id%5B11%5D=64&custom_f_12%5B0%5D=4368726f6d65&option=com_customfilters,official manufacturer result page,NOT_PRESERVED,not preserved,"Official result names SRTKS6091-02 / SRTKS6091, Undermount Kitchen Sink, Stainless Steel 304.","Result page exposes SRTKS6091-02 as the variant record; dimensions, finish and exact image are not exposed. Do not substitute SRTKS6090 or other sink siblings.",HIGH,NONE,PENDING,needs_permission,"Identity research only. No publication, reuse, or licensing permission was established.",SRTKS6091 vs variant record SRTKS6091-02; exact dimensions/finish/image missing.,NO,Rendered official text preserved; direct HTML/image harvesting returned a verification shell.,products_51_100_sorento_notes.md
64,FAN-CEI-LED-RCF-MOZIA56-5BL-BT,PCS,Rubine Blk Timber LED Ceiling Fan,Fans & Ventilation,Rubine,RCF-MOZIA56-5BL-BT,Rubine,RCF-MOZIA56-5BL,RCF-MOZIA56-5BL,https://www.rubine.com.my/product/RCF-MOZIA56-5BL,official Malaysian manufacturer product page,https://www.rubine.com.my/files/product_img/IM00032.png,exact official asset,"Official page exactly identifies RCF-MOZIA56-5BL, 22W tri-colour LED, 8F+8R RF remote, turbo speed, and Black Timber/Matte Black options.","Official sibling RCF-MOZIA56-5B is non-LED; source explicitly requires LED and Black Timber, so 5B is excluded.",HIGH,HIGH,VERIFIED_CANDIDATE,needs_permission,"Identity research only. No publication, reuse, or licensing permission was established.",,YES,Exact official page/image preserved; rights not implied.,products_51_100_rubine_mozia_notes.md
65,TOI-TRP-WC-SRTWC8366-S(250MM),PCS,Sorento One Piece Washdown W Rimless Flush Tech,Bathroom,Sorento,SRTWC8366-S,Sorento,SRTWC8366-RL-UF,SRTWC8366-RL-UF,https://www.sorento.com.my/media/attachments/2024/11/11/sorento-catalog-2024.pdf#page=8,official manufacturer catalogue/PDF,https://www.sorento.com.my/media/attachments/2024/11/11/sorento-catalog-2024.pdf#page=8,catalogue page crop not exact source suffix,"Official catalogue p.8 names SRTWC8366-RL-UF, Washdown Flushing Technology, L710xW435xH680mm, S-trap 200/250/300mm, P-trap 180mm, UF seat cover.","Source is SRTWC8366-S(250MM), while catalogue exact model is RL-UF; both suffix and seat-cover variant differ.",MEDIUM,MEDIUM,PENDING,needs_permission,"Identity research only. No publication, reuse, or licensing permission was established.",Source -S vs official -RL-UF; exact seat-cover/finish mapping unresolved.,NO,Official PDF page preserved but suffix mismatch blocks exact classification.,products_51_100_sorento_notes.md
66,TOI-TRP-WC-SRTWC8518-SH-S,PCS,Sorento One Piece Twister Flushing Tech,Bathroom,Sorento,SRTWC8518-SH-S,Sorento,SRTWC8518-SH,SRTWC8518-SH,https://www.facebook.com/SorentoMalaysia/posts/whether-you-choose-the-powerful-gravity-driven-washdown-or-the-silent-360-degree/1342912134544835/,official social discovery,NOT_PRESERVED,not preserved,Official Sorento social discovery names One Piece WC with Twister Flushing Technology SRTWC8518-SH.,Official result page separately lists SRTWC8518 as a PP seat cover; this database collision does not verify the requested one-piece WC suffix/variant.,MEDIUM,NONE,PENDING,needs_permission,"Identity research only. No publication, reuse, or licensing permission was established.",SRTWC8518-SH-S source vs SRTWC8518 seat-cover record; exact WC page/image unavailable.,NO,Social discovery and official result collision preserved; no exact image accepted.,products_51_100_sorento_notes.md
67,GAS-STO-RUB-TAE10-E102,UNIT,Rubine Ceramic Hob,Kitchen & Sinks,Rubine,RCE-VULCAN40-BL,Rubine,RCE-VULCAN40-BL,RCE-VULCAN40-BL,https://www.rubine.com.my/product/RCE-VULCAN40-BL,official Malaysian manufacturer product page,https://www.rubine.com.my/files/product_img/IM02133.jpg,exact official asset,"Official page exactly identifies RCE-VULCAN40-BL built-in ceramic electric hob, ceramic-horizontal, beveled glass/aluminium frame, residual heat warning, KONSTEC heat control, safety lock and timer.",Sibling RCE-VULCAN30-BL is separately listed; exact 40-BL model and black finish are preserved.,HIGH,HIGH,VERIFIED_CANDIDATE,needs_permission,"Identity research only. No publication, reuse, or licensing permission was established.","Internal Ekoway code GAS-STO-RUB-TAE10-E102 maps to RCE-VULCAN40-BL; source-code mapping is internal, not manufacturer SKU.",YES,Exact official page/image preserved; rights not implied.,products_51_100_rubine_notes.md
68,ELE-BUL-B22-3W-RED,PCS,Taicon B22 3W LED Color Bulb - Red,Lighting,Taicon,B22,Taicon,B22 3W red LED colour bulb,,https://www.facebook.com/100063586223862/posts/taicon-3w-b22e27-led-colour-bulb3w-b22-led-colour-bulb%EF%B8%8Fblue%EF%B8%8Fred%EF%B8%8Fyellow%EF%B8%8Fwhite%EF%B8%8Fpin/1546526540810205/,discovery / distributor social,NOT_PRESERVED,not preserved,"Distributor discovery supports Taicon 3W B22/E27 LED colour bulb and red colour, made in Malaysia, but no exact SKU/image record was preserved.",E27 and other colours are not substituted for B22 red.,MEDIUM,NONE,PENDING,needs_permission,"Identity research only. No publication, reuse, or licensing permission was established.","Exact Taicon part number, B22-only variant, and image unresolved.",NO,Discovery-only social source; no exact reusable asset.,
69,ELE-BUL-E27-10W-RED,PCS,Taicon E27 Stick Bulb Red 10W,Lighting,Taicon,E27,Taicon,E27 10W red LED stick bulb,,https://shopee.com.my/TAICON-LED-STICK-BULB-SERIES-i.94779936.2695466463,marketplace/discovery,NOT_PRESERVED,not preserved,"Taicon LED Stick Bulb Series discovery supports E27 10W stick-bulb family, but the red colour and exact SKU are not preserved in an authoritative source.",Other Taicon wattages/colours and generic E27 bulbs are not substituted.,MEDIUM,NONE,PENDING,needs_permission,"Identity research only. No publication, reuse, or licensing permission was established.",Exact Taicon SKU and red variant image unresolved.,NO,Marketplace discovery only.,
70,MIR-SWBC-SS6414,SET,Saniware Bathroom Cabinet Set Water Tap SWBC-SS6414,Bathroom,Saniware,SWBC-SS6414,Saniware,SWBC-SS6414,SWBC-SS6414,https://saniware.com/?s=SWBC-SS6414,official site negative search,NOT_PRESERVED,not preserved,"Source row identifies Saniware SWBC-SS6414 bathroom cabinet set, but official Saniware search returned No Results Found and no exact product page/image was preserved.",SWBC-SS6811 and other cabinet sets are not substituted.,LOW,NONE,PENDING,needs_permission,"Identity research only. No publication, reuse, or licensing permission was established.",Exact cabinet/tap/basin component list and image missing.,NO,Official negative search/404 evidence preserved; no exact asset.,products_51_100_saniware_notes.md
71,OVEN-RUB-TAE13-M507,UNIT,Rubine M/wave Oven RMO-934SS-GD34X,Home Appliances,Rubine,RMO-934SS-GD34X,Rubine,RMO-934SS-GD34,RMO-934SS-GD34,https://www.rubine.com.my/product/RMO-934SS-GD34,official Malaysian manufacturer product page,https://www.rubine.com.my/files/product_img/IM01814.jpg,exact official asset for base model; source suffix unresolved,"Official page exactly identifies RMO-934SS-GD34, Microwave and Grill Combination, 34L, 30-second quick start and 8 auto menus.",RMO-OREO-28BL is a separate 28L sibling; current exact page does not print source row’s extra X suffix.,MEDIUM,HIGH,PENDING,needs_permission,"Identity research only. No publication, reuse, or licensing permission was established.",Source RMO-934SS-GD34X vs official RMO-934SS-GD34; X suffix unresolved.,NO,Official base-model page/image preserved; do not publish until X alias is confirmed.,products_51_100_rubine_notes.md
72,SHO-SOR-SRTSH2623-BL,PCS,Sorento 225MM ABS Rain Shower Head Matt Blk,Bathroom,Sorento,SRTSH2623-BL,Sorento,SRTSH2623-BL,SRTSH2623-BL,https://www.sorento.com.my/media/attachments/2024/11/11/sorento-catalog-2024.pdf#page=65,official manufacturer catalogue/PDF,https://www.sorento.com.my/media/attachments/2024/11/11/sorento-catalog-2024.pdf#page=65,catalogue page crop required for asset harvest,"Official catalogue p.65 names SRTSH2623-BL Rain Shower Head, D Ø225mm / 9in, Matt Black.","Same page siblings SRTSH22513 chrome, SRTSH2625-BL/Gunmetal, SRTSH2627-BL and SRTSH2628-GMB; exact model and Matt Black isolate source.",HIGH,MEDIUM,VERIFIED_CANDIDATE,needs_permission,"Identity research only. No publication, reuse, or licensing permission was established.",,YES,Exact PDF URL/page/crop and sibling models recorded; visual crop review required.,products_51_100_sorento_notes.md
73,SIN-SOR-SRTKS2426-BL,PCS,Sorento Kitch. Sink-blk Ultrasonic Nano Tech,Kitchen & Sinks,Sorento,S/S304,Sorento,SRTKS2426-BL,SRTKS2426-BL,https://www.sorento.com.my/media/attachments/2024/11/11/sorento-catalog-2024.pdf#page=94,official manufacturer catalogue/PDF,https://www.sorento.com.my/media/attachments/2024/11/11/sorento-catalog-2024.pdf#page=94,catalogue page crop required for asset harvest,"Official catalogue p.94 names SRTKS2426-BL, L540xW440xH230mm, Matt Black.",Sibling SRTKS2406 is chrome; exact source item SRTKS2426-BL matches black variant and dimensions.,HIGH,MEDIUM,VERIFIED_CANDIDATE,needs_permission,"Identity research only. No publication, reuse, or licensing permission was established.",,YES,Exact PDF URL/page/crop and chrome sibling recorded; visual crop review required.,products_51_100_sorento_notes.md
74,SHO-SAN-SWP-BSP-5505B,PCS,Saniware Premier 3WAY Bath Shower Set For Water Heater (black),Bathroom,Saniware,3WAY,Saniware,SWP-BSP-5505B,SWP-BSP-5505B,https://www.yesbath.com.my/showproducts/productid/6045655/sus304-3-way-bath-shower-set-for-water-heater-black-swpbsp5505b/,dealer / Tier-2,https://cdn1.npcdn.net/images/cf6eef12013f376c4a5f3b39abeebe92_1757471914.webp?md5id=5de402365ca7341b8b1e38b3013768e8&new_width=1000&new_height=1000&size=max&w=-62170008925&from=jpeg&type=9,exact dealer asset; not rights-cleared,"Yes Bath exact listing names SUS304 3 WAY BATH SHOWER SET FOR WATER HEATER BLACK (SWP-BSP-5505B), matching source 3WAY black description.",2-way SWP-BSP-5504B and generic Saniware shower sets are not substituted.,HIGH,HIGH,PENDING,needs_permission,"Identity research only. No publication, reuse, or licensing permission was established.",Official Saniware page absent/404; dealer authority and asset rights require confirmation.,YES,Exact dealer page/image preserved; not an official manufacturer source and no rights claim.,products_51_100_saniware_notes.md
75,TAP-SAN-SWP-SS-304-3950-MB,PCS,Saniware Premier Flexible Hose Kitchen Pillar Sink Tap (matt Blk),Kitchen & Sinks,Saniware,SWP-SS-304-3950-MB,Saniware,SWP-SS-304-3950-MB,SWP-SS-304-3950-MB,https://www.gsthardware.com.my/product/saniware-flexible-hose-kitchen-pillar-tapgun-metal-swp-ss-304-3950-gm/,authorized/dealer variant listing,NOT_PRESERVED,not preserved,GST Hardware lists exact 3950 series options and explicitly maps SWP-SS-304-3950-MB to Matt Black; SUS304 flexible-hose kitchen pillar tap.,"Base stainless, GM and RG options are explicitly separate; source MB suffix is not confused with the base model.",HIGH,NONE,PENDING,needs_permission,"Identity research only. No publication, reuse, or licensing permission was established.",No exact direct image URL exposed; official Saniware page returned 404.,NO,Exact variant text preserved from dealer; no image asset accepted.,products_51_100_saniware_notes.md
76,FAN-CEI-RCF-MOZIA56-5B-BT,PCS,Rubine Blk Timber Ceiling Fan,Fans & Ventilation,Rubine,RCF-MOZIA56-5B-BT,Rubine,RCF-MOZIA56-5B,RCF-MOZIA56-5B,https://www.rubine.com.my/product/RCF-MOZIA56-5B,official Malaysian manufacturer product page,https://www.rubine.com.my/files/product_img/IM00030.png,exact official asset,"Official page exactly identifies RCF-MOZIA56-5B, non-LED DC fan, 8F+8R RF remote, turbo/sleep mode, aerodynamic ABS blades, and Black Timber/Matte Black options.","Official sibling RCF-MOZIA56-5BL is 22W tri-colour LED; source is 5B-BT and non-LED, so 5BL is excluded.",HIGH,HIGH,VERIFIED_CANDIDATE,needs_permission,"Identity research only. No publication, reuse, or licensing permission was established.",Source -BT is internal Black Timber finish suffix while official model omits -BT.,YES,Exact official page/image preserved; rights not implied.,products_51_100_rubine_mozia_notes.md
77,TOI-TRP-WC-SRTWC8840-S,PCS,Sorento Close Coupled Wash,Bathroom,Sorento,DOWN-SRTWC8840-S,Sorento,SRTWC8840-RL,SRTWC8840-RL,https://www.sorento.com.my/media/attachments/2024/11/11/sorento-catalog-2024.pdf#page=10,official manufacturer catalogue/PDF,https://www.sorento.com.my/media/attachments/2024/11/11/sorento-catalog-2024.pdf#page=10,catalogue page crop not exact source suffix,"Official catalogue p.10 names SRTWC8840-RL, Washdown Flushing Technology, L660xW370xH770mm, S-trap 250mm, P-trap 180mm, PP seat cover.","Source is SRTWC8840-S; official catalogue exact model is RL, so suffix mapping is unresolved.",MEDIUM,MEDIUM,PENDING,needs_permission,"Identity research only. No publication, reuse, or licensing permission was established.",Source -S vs official -RL.,NO,Official PDF page preserved but suffix mismatch blocks exact classification.,products_51_100_sorento_notes.md
78,BATH-SRTBF31416,PCS,Sorento 304 S/s 5 IN 1 Bathroom Furn,Bathroom,Sorento,SRTBF31416,Sorento,SRTBF31416,SRTBF31416,https://www.sorento.com.my/media/attachments/2024/11/11/sorento-catalog-2024.pdf#page=35,official catalogue/PDF + Tier-2 conflict,https://www.sorento.com.my/media/attachments/2024/11/11/sorento-catalog-2024.pdf#page=35,catalogue page crop conflict; not approved,"Official catalogue p.35 names SRTBF31416 cabinet, L580xW460xH400mm, basin SRTWB1160, tap SRTWT7202-BL and pop-up waste as a 4-in-1 set.",Fullshun dealer lists a 5-in-1 set with mirror cabinet SRTMCB21412 and same cabinet/basin family; 4-in-1 vs 5-in-1/component contradiction prevents exact set classification.,MEDIUM,MEDIUM,PENDING,needs_permission,"Identity research only. No publication, reuse, or licensing permission was established.",4-in-1 official catalogue vs 5-in-1 dealer set; exact component package and image unresolved.,NO,Official PDF and dealer conflict preserved; no asset approved.,products_51_100_sorento_notes.md
79,ELE-D/L-MEG-YTT100ZI-30W,PCS,Megaman E27 LED Bulb,Lighting,Megaman,E27,Megaman,YTT100Z1,YTT100Z1,https://megaman.com.my/product/t-bulb/,official Malaysian manufacturer product page,https://megaman.com.my/wp-content/uploads/2020/12/11-1-1.jpg,exact official asset; source code typo/alias unresolved,"Official page exactly identifies Megaman LED T Bulb YTT100Z1, 30W, PF 0.5, 2400/2700lm, 200°, CRI >=80, E27, Ø100x180mm, 170–240V.",No sibling substitution; exact source row code appears YTT100ZI (letter I) while official model is YTT100Z1 (digit one).,MEDIUM,HIGH,PENDING,needs_permission,"Identity research only. No publication, reuse, or licensing permission was established.",YTT100ZI vs official YTT100Z1; exact internal code needs owner confirmation.,NO,Official page/image preserved; source code alias prevents fail-closed candidate status.,products_51_100_megaman_notes.md
80,RUB-TAE10-M371,UNIT,Rubine Glass Hob RGH-FIGATA2B-BL,Kitchen & Sinks,Rubine,RGH-FIGATA2B-BL,Rubine,RGH-FIGATA2B-BL,RGH-FIGATA2B-BL,https://www.rubine.com.my/product/RGH-FIGATA2B-BL,official Malaysian manufacturer product page,https://www.rubine.com.my/files/product_img/IM01807.jpg,exact official asset,"Official page exactly identifies RGH-FIGATA2B-BL built-in gas hob, Dritto/Straight flame, 5.0kW flame power, FFD, convex burner plate and battery ignition.",Sibling RGH-ASPEN2B-SK and RGH-BRAVA2B-BL are different models/finishes; exact FIGATA2B-BL image is preserved.,HIGH,HIGH,VERIFIED_CANDIDATE,needs_permission,"Identity research only. No publication, reuse, or licensing permission was established.",Internal Rubine code RUB-TAE10-M371 maps to exact manufacturer model.,YES,Exact official page/image preserved; rights not implied.,products_51_100_rubine_notes.md
81,SHO-SAN-SWP-BSP-5504B,PCS,Saniware Premier 2WAY Bath Shower Set For Water Heater (black),Bathroom,Saniware,2WAY,Saniware,SWP-BSP-5504B,SWP-BSP-5504B,NOT_PRESERVED,discovery only / official page not preserved,NOT_PRESERVED,not preserved,"Source description identifies Saniware Premier 2WAY bath shower set for water heater, black; exact SWP-BSP-5504B manufacturer page/image was not found.",SWP-BSP-5505B is a different 3-way set and is not substituted.,MEDIUM,NONE,PENDING,needs_permission,"Identity research only. No publication, reuse, or licensing permission was established.",Exact model page/image inaccessible; 2-way configuration only from source/discovery.,NO,No exact preserved page or asset.,products_51_100_saniware_notes.md
82,SIN-SOR-SRTKS2431,PCS,Sorento Nanograin Texture Kitchen Sink,Kitchen & Sinks,Sorento,SRTKS2431,Sorento,SRTKS2431,SRTKS2431,https://buildershardware.com.my/product/sorento-kitchen-sink-srtks2431/,authorized Malaysian dealer/retailer,https://buildershardware.com.my/wp-content/uploads/2024/08/SRTKS2431-19.jpg,exact dealer asset; not rights-cleared,"Exact dealer page names SORENTO KITCHEN SINK SRTKS2431, Nanograin Multifunctional Kitchen Sink, L780xW470xH230mm, 304 Stainless Steel, Chrome.",SRTKS2426-BL and other sink models are distinct; exact SRTKS2431 code/dimensions/image are preserved.,HIGH,HIGH,VERIFIED_CANDIDATE,needs_permission,"Identity research only. No publication, reuse, or licensing permission was established.",,YES,Exact Tier-2 page/image preserved; publication rights and manufacturer confirmation remain separate.,products_51_100_sorento_notes.md
83,ELE-CAB-WIR-MKK-2.5MM-RED,ROLL,MKK Cable 2.5MM (7/0.49MM) Red,Electrical,MKK,7/0.49MM,MKK,2.5mm cable 7/0.49mm red,,NOT_PRESERVED,discovery only,NOT_PRESERVED,not preserved,"Source identifies MKK 2.5MM cable, 7/0.49MM, red, but no manufacturer/product page or exact image was preserved.",Black sibling Product 87 and generic 2.5mm cable are not substituted.,LOW,NONE,PENDING,needs_permission,"Identity research only. No publication, reuse, or licensing permission was established.","Exact MKK part number, conductor standard, insulation rating and image missing.",NO,No exact source preserved.,
84,FAN-CEI-DEKA-CGNL54MB12,UNIT,Deka Ceiling Fan Geno Matt Black,Fans & Ventilation,Deka,54LED,Deka,GENO 54,GENO 54,https://deka.my/geno-54/,official Malaysian manufacturer family page,https://deka.my/geno-54/,base non-LED family asset only,"Official Deka page identifies GENO 54, 54-inch, Matt Black option, 40W DC inverter motor, 24 speeds and LED Power N/A.",Source code CGNL54MB12 / detected 54LED suggests an LED variant; non-LED base page image cannot be used as exact LED evidence.,MEDIUM,MEDIUM,PENDING,needs_permission,"Identity research only. No publication, reuse, or licensing permission was established.",Source 54LED/CGNL54MB12 vs official base Geno 54 LED Power N/A.,NO,Official family page preserved; exact source variant and image not proven.,products_51_100_deka_notes.md
85,KHI-HDR-HD515,SET,Hair Dryer 1800W (matt Black),Home Appliances,Khind,KHIND-HD1800,Khind,HD1800,HD1800,https://khind.com.my/products/1800w-hair-dryer,official Malaysian manufacturer product page,https://khind.com.my/cdn/shop/files/hd1800-wh-cover_280521152043.jpg?v=1751809539,exact official asset,"Official Khind page exactly identifies Hair Dryer HD1800, 1800W, 240V~50Hz, Matt Black, 1.8m cable, 0.5kg net weight, folded/unfolded dimensions.",HD1400 is a separate 1400W sibling; exact HD1800 title and black asset match source display.,HIGH,HIGH,VERIFIED_CANDIDATE,needs_permission,"Identity research only. No publication, reuse, or licensing permission was established.",Ekoway item code HD515 is an internal code; manufacturer model is HD1800.,YES,Exact official page/image preserved; rights not implied.,products_51_100_khind_notes.md
86,OVEN-RUB-TAE13-M503,UNIT,Rubine M/wave Oven RMO-OREO-28BL,Home Appliances,Rubine,RMO-OREO-28BL,Rubine,RMO-OREO-28BL,RMO-OREO-28BL,https://www.rubine.com.my/product/RMO-OREO-28BL,official Malaysian manufacturer product page,https://www.rubine.com.my/files/product_img/IM01815.jpg,exact official asset,"Official page exactly identifies RMO-OREO-28BL built-in microwave with grill, 28L, 8 auto menus, electronic control/LCD, child lock, stainless-steel cavity and 595x400x388mm.",RMO-934SS-GD34 is a separate 34L sibling; exact 28BL model/image matches source.,HIGH,HIGH,VERIFIED_CANDIDATE,needs_permission,"Identity research only. No publication, reuse, or licensing permission was established.",Internal Rubine code RUB-TAE13-M503 maps to exact manufacturer model.,YES,Exact official page/image preserved; rights not implied.,products_51_100_rubine_notes.md
87,ELE-CAB-WIR-MKK-2.5MM-BLACK,ROLL,MKK Cable 2.5MM (7/0.49MM) Black,Electrical,MKK,7/0.49MM,MKK,2.5mm cable 7/0.49mm black,,NOT_PRESERVED,discovery only,NOT_PRESERVED,not preserved,"Source identifies MKK 2.5MM cable, 7/0.49MM, black, but no manufacturer/product page or exact image was preserved.",Red sibling Product 83 and generic 2.5mm cable are not substituted.,LOW,NONE,PENDING,needs_permission,"Identity research only. No publication, reuse, or licensing permission was established.","Exact MKK part number, conductor standard, insulation rating and image missing.",NO,No exact source preserved.,
88,MIR-SWBC-SS6811,SET,Saniware Bathroom Cabinet Set Water Tap SWBC-SS6811,Bathroom,Saniware,SWBC-SS6811,Saniware,SWBC-SS6811,SWBC-SS6811,https://saniware.com/?s=SWBC-SS6811,official site negative search,NOT_PRESERVED,not preserved,"Source row identifies Saniware SWBC-SS6811 bathroom cabinet set, but official Saniware search/likely product URL returned No Results/404.",SWBC-SS6414 and other cabinet sets are not substituted.,LOW,NONE,PENDING,needs_permission,"Identity research only. No publication, reuse, or licensing permission was established.",Exact cabinet/tap/basin component list and image missing.,NO,Official negative search/404 evidence preserved; no exact asset.,products_51_100_saniware_notes.md
89,SPR-BID-SWP-SS-304-6875-BA,PCS,Saniware Premier Two Way Tap With Bidet SET&1.2M Flex. Hose,Bathroom,Saniware,SET&1.2M,Saniware,SWP-SS-304-6875-BA,SWP-SS-304-6875-BA,https://www.htrendskb.com.my/showproducts/productid/6246533/cid/387813/saniware-two-way-tap-with-bidet-black-swpss3046875ba/,dealer / Tier-2,NOT_PRESERVED,not preserved,"H Trends exact listing identifies Saniware Two Way Tap With Bidet (Black), exact SKU SWP-SS-304-6875-BA, Hand Bidet and Two Way Bib Tap categories.",Saniware two-way tap siblings such as SWP-SS-304-68A are distinct; exact SKU is preserved but image is not.,HIGH,NONE,PENDING,needs_permission,"Identity research only. No publication, reuse, or licensing permission was established.",No direct exact image URL exposed; official Saniware page returned 404.,NO,Exact dealer text preserved; image/rights gate remains open.,products_51_100_saniware_notes.md
90,TAP-SAN-SWP-SS-304-3950,PCS,Saniware Premier Flexible Hose Kitchen Pillar Sink Tap,Kitchen & Sinks,Saniware,SWP-SS-304-3950,Saniware,SWP-SS-304-3950,SWP-SS-304-3950,https://www.gsthardware.com.my/product/saniware-flexible-hose-kitchen-pillar-tapgun-metal-swp-ss-304-3950-gm/,authorized/dealer series listing,NOT_PRESERVED,not preserved,GST Hardware exact-series listing identifies base SWP-SS-304-3950 as stainless-steel option in the Saniware 3950 flexible-hose kitchen pillar tap series.,"GM, MB and RG option codes are separately enumerated; source base stainless variant is not confused with them.",HIGH,NONE,PENDING,needs_permission,"Identity research only. No publication, reuse, or licensing permission was established.",No exact direct image URL exposed; official Saniware page returned 404.,NO,Exact series/variant text preserved; image/rights gate remains open.,products_51_100_saniware_notes.md
91,TAP-SAN-SWP-B-3213-G,PCS,Saniware Premier Tall Basin Cold Tap (gold),Bathroom,Saniware,SWP-SS-304-3213-G,Saniware,SWP-SS-304-3213-G,SWP-SS-304-3213-G,https://www.hengshenghardware.com.my/showproducts/productid/6519703/cid/653991/saniware-tall-basin-cold-tap-swpss3043213g-saniware-products-in-selangor/,dealer / Tier-2,https://cdn1.npcdn.net/images/ae00ee05e540a1bfa5317d407c20f63e_1778769104.webp?md5id=aa669fe24aabb489080c05a96e7f594b&new_width=1000&new_height=1000&size=max&w=1784295513&from=png&type=9,exact dealer asset; not rights-cleared,"Heng Sheng exact listing identifies Saniware SWP-SS-304-3213-G Tall Basin Cold Tap, Gold finish, SUS304, 2 sets/box and 40/carton.",Official Saniware base page SWP-SS-304-3213 has stainless variant images; those are not substituted for source gold variant.,HIGH,HIGH,PENDING,needs_permission,"Identity research only. No publication, reuse, or licensing permission was established.",Gold exact page/image is dealer-only; manufacturer page exists only for base stainless model.,YES,Exact dealer model/image preserved; no manufacturer image or rights clearance.,products_51_100_saniware_notes.md
92,BATH-SRTBF31514,PCS,Sorento 5IN1 Bath Furn,Bathroom,Sorento,5IN1,Sorento,SRTBF31514,SRTBF31514,https://www.zhinheng.com.my/showproducts/productid/6040406/cid/205566/sorento-5-in-1-bathroom-furniture-srtbf31514srtmcb6083bl/,dealer / Tier-2,NOT_PRESERVED,not preserved,"Zhin Heng exact listing identifies Sorento 5-in-1 bathroom furniture SRTBF31514 + SRTMCB6083-BL, cabinet L580xW460xH400mm, basin SRTWB1160, tap SRTWT5831 and pop-up waste SRTW2600.",Official catalogue’s SRTBF31416 set is a different cabinet model; exact SRTBF31514 package is preserved only through dealer.,HIGH,NONE,PENDING,needs_permission,"Identity research only. No publication, reuse, or licensing permission was established.",No direct exact image URL exposed; mirror cabinet + package components differ from other furniture families.,NO,Exact dealer text preserved; image/rights gate remains open.,products_51_100_sorento_notes.md
93,FAN-CEI-DEKA-CF66DC66MB12,UNIT,Deka Ceiling Fan F66 DC Matt Black,Fans & Ventilation,Deka,F66,Deka,F66 DC,F66 DC,https://deka.my/f66-dc/,official Malaysian manufacturer family page,https://deka.my/f66-dc/,base non-LED family asset only,"Official Deka page identifies F66 DC, 66-inch, Matt Black option, 50W DC inverter motor, 24 speeds and LED Power N/A.",Source code CF66DC66MB12 may denote a separate LED/speed variant; base non-LED image is not substituted.,MEDIUM,MEDIUM,PENDING,needs_permission,"Identity research only. No publication, reuse, or licensing permission was established.",Source CF66DC66MB12 vs official base F66 DC; possible LED/variant suffix.,NO,Official family page preserved; exact source variant and image not proven.,products_51_100_deka_notes.md
94,JOV-WAT-FIL-JP200,PCS,Joven (red) Water Purifier,Home Appliances,Joven,JP200,Joven,JP200,JP200,https://www.joven-electric.com/my/jp200-water-purifier.html,official Malaysian manufacturer product page,https://www.joven-electric.com/my/jp200-water-purifier.html,official white asset; source red variant unresolved,Official Joven page exactly identifies JP200 inline water purifier and its filtration/specification system.,Official visible asset is white; source row explicitly says red. A dealer claim of white/red availability is not enough to substitute the white asset.,HIGH,MEDIUM,PENDING,needs_permission,"Identity research only. No publication, reuse, or licensing permission was established.",Source red vs official white asset; red model-specific SKU/image not proven.,NO,Official JP200 identity preserved; exact red image/variant remains unavailable.,products_51_100_joven_notes.md
95,KHI-HDR-HD511-GRE,SET,Hair Dryer 1400W (matt Grey),Home Appliances,Khind,KHIND-HD1400,Khind,HD1400,HD1400,https://khind.com.my/products/khind-hair-dryer-hd1400,official Malaysian manufacturer product page,https://khind.com.my/cdn/shop/files/HD1400_1_HiRes_1a611a78-9046-49f7-96cd-f0af17337545.jpg?v=1751809409,exact official model asset; finish/source-code gap,"Official Khind page exactly identifies Hair Dryer HD1400, 1400W, foldable handle, 473g, 1.8m cable and 240V~50Hz.",HD1800 is a separate 1800W sibling; official page does not establish source item code HD511-GRE as a manufacturer SKU or explicitly preserve Matt Grey in text.,MEDIUM,HIGH,PENDING,needs_permission,"Identity research only. No publication, reuse, or licensing permission was established.",Ekoway HD511-GRE / Matt Grey vs official HD1400 model; exact finish/internal-code mapping needs confirmation.,NO,"Official exact model/image preserved, but source-code/finish alias blocks fail-closed candidate status.",products_51_100_khind_notes.md
96,SHO-SOR-SRTWT9605RG,PCS,Sorento Exposed Shower Set 2WAYS SRTWT9605-RG,Bathroom,Sorento,2WAYS,Sorento,SRTWT9605-RG,SRTWT9605-RG,https://www.sorento.com.my/media/attachments/2024/11/11/sorento-catalog-2024.pdf#page=62,official manufacturer catalogue/PDF,https://www.sorento.com.my/media/attachments/2024/11/11/sorento-catalog-2024.pdf#page=62,catalogue page crop required for asset harvest,"Official catalogue p.62 names SRTWT9605-RG 2-Ways Exposed Shower Set, ABS rain shower head 220mm, 5-functions ABS hand shower, solid-brass body, push-button diverter and Rose Gold finish.","Same page siblings SRTWT9600HP Chrome, SRTWT9608 and SRTWT9610-GM; exact RG model/finish isolate source.",HIGH,MEDIUM,VERIFIED_CANDIDATE,needs_permission,"Identity research only. No publication, reuse, or licensing permission was established.",,YES,Exact PDF URL/page/crop and siblings recorded; visual crop review required.,products_51_100_sorento_notes.md
97,SHO-SOR-SRTWT9614,PCS,Sorento Shower Set,Bathroom,Sorento,3WAYS-EXPOSED,Sorento,SRTWT9614,SRTWT9614-01-01,https://sorento.com.my/result/bidet__or__bottle-trap__or__exposed-shower-set__or__free-standing-basin__or__seat-cover__or__shaving-mirror__or__under-counter-basin__or__wall-mounted/colours/Chrome__or__White,official manufacturer result page,NOT_PRESERVED,not preserved,"Official result names SRTWT9614-01-01 / SRTWT9614, 3 Ways-Exposed Shower Set, ABS rain shower head 225mm, 3-functions ABS hand shower and 1.5M PVC flexible hose.",SRTWT9615 is a separate 2-way set; exact finish/image for source row was not exposed.,HIGH,NONE,PENDING,needs_permission,"Identity research only. No publication, reuse, or licensing permission was established.",Exact image and full finish/color fields not exposed.,NO,Rendered official text preserved; direct image harvesting not preserved.,products_51_100_sorento_notes.md
98,TAP-SAN-SWP-SS-304-3939,PCS,Saniware Premier Double Spout Kitchen Pillar Sink Tap,Kitchen & Sinks,Saniware,SWP-SS-304-3939,Saniware,SWP-SS-304-3939,SWP-SS-304-3939,https://saniware.com/?s=SWP-SS-304-3939,official site negative search,NOT_PRESERVED,not preserved,"Source identifies Saniware Premier Double Spout Kitchen Pillar Sink Tap SWP-SS-304-3939, but official search and likely product URL returned No Results/404.",3950 flexible-hose series and other tap models are not substituted.,LOW,NONE,PENDING,needs_permission,"Identity research only. No publication, reuse, or licensing permission was established.","Exact double-spout product page, dimensions, finish and image missing.",NO,Official negative search/404 evidence preserved; no exact asset.,products_51_100_saniware_notes.md
99,X-GAS-STO-RUB-TAE10-M372,UNIT,Rubine Glass Hob RGH-ALLORA2B-BL,Kitchen & Sinks,Rubine,RGH-ALLORA2B-BL,Rubine,RGH-ALLORA2B-BL,RGH-ALLORA2B-BL,https://www.rubine.com.my/product/RGH-ALLORA2B-BL,official URL checked; content unavailable,NOT_PRESERVED,not preserved,"Search/dealer discovery indicates Rubine ALLORA2B black two-burner gas hob, matching source model string, but current official URL returned only a navigation shell without product model/image/specs.",FIGATA2B-BL and other Rubine gas-hob siblings are not substituted.,MEDIUM,NONE,PENDING,needs_permission,"Identity research only. No publication, reuse, or licensing permission was established.",Exact official page/image inaccessible; exact burner/spec variant not preserved.,NO,Official URL checked; extraction returned 0 and HTML had no product content. Mark PENDING.,products_51_100_rubine_notes.md
100,FAN-FLO-KHI-FF2005,PCS,20 Ind Floor Fan Black,Fans & Ventilation,Khind,KHIND-FF2005,Khind,FF2005,FF2005XXXXBKKD,https://khind.com.my/products/20-industrial-floor-fan,official Malaysian manufacturer product page,https://khind.com.my/cdn/shop/files/ssmy.zone-1731060431-FF2005_WH.jpg?v=1751808994,exact official asset,"Official Khind product JSON exactly identifies KHIND 20” Industrial Floor Fan FF2005, vendor KHIND Malaysia, official SKU FF2005XXXXBKKD and exact image asset.",No sibling substitution; official image/title match 20-inch black floor fan source row. Leaflet asset also preserved at https://cdn.shopify.com/s/files/1/0921/1566/5177/files/npd014124-ff2005-20--industrial-floor-fan-leaflet-fa_081124155539.jpg.,HIGH,HIGH,VERIFIED_CANDIDATE,needs_permission,"Identity research only. No publication, reuse, or licensing permission was established.",Short source model FF2005 maps to official SKU FF2005XXXXBKKD; page currently sold out.,YES,Exact official page/JSON/image/leaflet URLs preserved; rights not implied.,products_51_100_khind_notes.md
