source_position,item_code,uom,display_name,category,priority_score,priority_tier,detected_brand,detected_model,candidate_page_url,candidate_image_url,source_owner,rights_status,match_confidence,review_status,research_state,manufacturer,exact_model,variant_suffix,product_identity,source_url,source_type,source_tier,image_source_url,image_exactness,identity_confidence,image_confidence,research_notes,sibling_elimination,classification_reason,hard_failure,tls_verification_issue,first_pass_status,final_image_status,rights_status_final,evidence_asset_path,evidence_sha256,evidence_bytes
6301,JAC-BOT-CNN-R20TON,PCS,China Bottle Jack - 20 Ton,Lifting & Rigging,39.4,3,,,,,,pending,,pending,RESEARCHED_PENDING,,,,,,,,,,,,Systematic authoritative-source pass performed for this low-priority row; no exact model-specific manufacturer image was preserved.,,Exact identity/image evidence not preserved under the strict manufacturer-first hierarchy; fail-closed to PENDING.,NO_PRESERVABLE_EXACT_AUTHORITATIVE_IMAGE,,PENDING,pending,needs_permission,,,
6302,MEA-TAP-BLI-7.5M-BCR,PCS,Blimax Measuring Tape - Bcr 7 7.5M,Hand Tools,39.4,3,,,,,,pending,,pending,RESEARCHED_PENDING,,,,,,,,,,,,Systematic authoritative-source pass performed for this low-priority row; no exact model-specific manufacturer image was preserved.,,Exact identity/image evidence not preserved under the strict manufacturer-first hierarchy; fail-closed to PENDING.,NO_PRESERVABLE_EXACT_AUTHORITATIVE_IMAGE,,PENDING,pending,needs_permission,,,
6303,MIDDY-PVC-BRA-WHI,PCS,Middy: PVC Bracket (white),Other,39.4,3,,,,,,pending,,pending,RESEARCHED_PENDING,,,,,,,,,,,,Systematic authoritative-source pass performed for this low-priority row; no exact model-specific manufacturer image was preserved.,,Exact identity/image evidence not preserved under the strict manufacturer-first hierarchy; fail-closed to PENDING.,NO_PRESERVABLE_EXACT_AUTHORITATIVE_IMAGE,,PENDING,pending,needs_permission,,,
6304,PUM-HAN-DP-145,PCS,Korea Acid Hand Pump -4 Gal,Pumps & Water,39.4,3,,,,,,pending,,pending,RESEARCHED_PENDING,,,,,,,,,,,,Systematic authoritative-source pass performed for this low-priority row; no exact model-specific manufacturer image was preserved.,,Exact identity/image evidence not preserved under the strict manufacturer-first hierarchy; fail-closed to PENDING.,NO_PRESERVABLE_EXACT_AUTHORITATIVE_IMAGE,,PENDING,pending,needs_permission,,,
6305,RAI-SUI-SUP-M,PCS,Supersonic PVC Rain Suit Trouser : M,Curtains & Blinds,39.4,3,,,,,,pending,,pending,RESEARCHED_PENDING,,,,,,,,,,,,Systematic authoritative-source pass performed for this low-priority row; no exact model-specific manufacturer image was preserved.,,Exact identity/image evidence not preserved under the strict manufacturer-first hierarchy; fail-closed to PENDING.,NO_PRESERVABLE_EXACT_AUTHORITATIVE_IMAGE,,PENDING,pending,needs_permission,,,
6306,RAI-SUI-SUP-XL,PCS,Supersonic PVC Rain Suit Trouser : XL,Curtains & Blinds,39.4,3,,,,,,pending,,pending,RESEARCHED_PENDING,,,,,,,,,,,,Systematic authoritative-source pass performed for this low-priority row; no exact model-specific manufacturer image was preserved.,,Exact identity/image evidence not preserved under the strict manufacturer-first hierarchy; fail-closed to PENDING.,NO_PRESERVABLE_EXACT_AUTHORITATIVE_IMAGE,,PENDING,pending,needs_permission,,,
6307,SCA-NAK-DOU-3100093,PCS,Nakuho-double Face Spring Scale (round Pan) 20KG,Housewares,39.4,3,,,,,,pending,,pending,RESEARCHED_PENDING,,,,,,,,,,,,Systematic authoritative-source pass performed for this low-priority row; no exact model-specific manufacturer image was preserved.,,Exact identity/image evidence not preserved under the strict manufacturer-first hierarchy; fail-closed to PENDING.,NO_PRESERVABLE_EXACT_AUTHORITATIVE_IMAGE,,PENDING,pending,needs_permission,,,
6308,SHH-BOX-TB10A,PCS,Tackle Box (adjust),Fishing & Tackle,39.4,3,,TB10A,,,,pending,,pending,RESEARCHED_PENDING,,TB10A,,,,,,,,,,Systematic authoritative-source pass performed for this low-priority row; no exact model-specific manufacturer image was preserved.,,Exact identity/image evidence not preserved under the strict manufacturer-first hierarchy; fail-closed to PENDING.,NO_PRESERVABLE_EXACT_AUTHORITATIVE_IMAGE,,PENDING,pending,needs_permission,,,
6309,SHH-HOOK-21P8,PCS,21 Pontoon Treble Hook (8G),Fishing & Tackle,39.4,3,,,,,,pending,,pending,RESEARCHED_PENDING,,,,,,,,,,,,Systematic authoritative-source pass performed for this low-priority row; no exact model-specific manufacturer image was preserved.,,Exact identity/image evidence not preserved under the strict manufacturer-first hierarchy; fail-closed to PENDING.,NO_PRESERVABLE_EXACT_AUTHORITATIVE_IMAGE,,PENDING,pending,needs_permission,,,
6310,SHH-HOOK-9255SS-3/0,PKT,Eupro Octopus S/s Hook No. 3/0(9'S),Fishing & Tackle,39.4,3,,9255SS,,,,pending,,pending,RESEARCHED_PENDING,,9255SS,,,,,,,,,,Systematic authoritative-source pass performed for this low-priority row; no exact model-specific manufacturer image was preserved.,,Exact identity/image evidence not preserved under the strict manufacturer-first hierarchy; fail-closed to PENDING.,NO_PRESERVABLE_EXACT_AUTHORITATIVE_IMAGE,,PENDING,pending,needs_permission,,,
6311,STR-NYL-TWI-18S,ROLL,18 Nylon Twin,"Rope, Chain & Netting",39.4,3,,,,,,pending,,pending,RESEARCHED_PENDING,,,,,,,,,,,,Systematic authoritative-source pass performed for this low-priority row; no exact model-specific manufacturer image was preserved.,,Exact identity/image evidence not preserved under the strict manufacturer-first hierarchy; fail-closed to PENDING.,NO_PRESERVABLE_EXACT_AUTHORITATIVE_IMAGE,,PENDING,pending,needs_permission,,,
6312,SWI-KAT-BRE-KT325,PCS,Katko Load Break Isolating Switch KT325,Electrical,39.4,3,,KT325,,,,pending,,pending,RESEARCHED_PENDING,,KT325,,,,,,,,,,Systematic authoritative-source pass performed for this low-priority row; no exact model-specific manufacturer image was preserved.,,Exact identity/image evidence not preserved under the strict manufacturer-first hierarchy; fail-closed to PENDING.,NO_PRESERVABLE_EXACT_AUTHORITATIVE_IMAGE,,PENDING,pending,needs_permission,,,
6313,TL2087POLY-DC4,ROLL,Thailion 2087 4 Polyethylene Dampcourse,Other,39.4,3,,,,,,pending,,pending,RESEARCHED_PENDING,,,,,,,,,,,,Systematic authoritative-source pass performed for this low-priority row; no exact model-specific manufacturer image was preserved.,,Exact identity/image evidence not preserved under the strict manufacturer-first hierarchy; fail-closed to PENDING.,NO_PRESERVABLE_EXACT_AUTHORITATIVE_IMAGE,,PENDING,pending,needs_permission,,,
6314,TOO-FIL-SLIM-STA-100MM-992022304,PCS,4 Slim Tapered File-carded,Hand Tools,39.4,3,,,,,,pending,,pending,RESEARCHED_PENDING,,,,,,,,,,,,Systematic authoritative-source pass performed for this low-priority row; no exact model-specific manufacturer image was preserved.,,Exact identity/image evidence not preserved under the strict manufacturer-first hierarchy; fail-closed to PENDING.,NO_PRESERVABLE_EXACT_AUTHORITATIVE_IMAGE,,PENDING,pending,needs_permission,,,
6315,TOO-HOO-KTTIE,PCS,King Top Hook Wrench (ball Bearing Spanner),Hand Tools,39.4,3,,,,,,pending,,pending,RESEARCHED_PENDING,,,,,,,,,,,,Systematic authoritative-source pass performed for this low-priority row; no exact model-specific manufacturer image was preserved.,,Exact identity/image evidence not preserved under the strict manufacturer-first hierarchy; fail-closed to PENDING.,NO_PRESERVABLE_EXACT_AUTHORITATIVE_IMAGE,,PENDING,pending,needs_permission,,,
6316,VAL-BAL-MIN-BV3WM,PCS,Sanwa 3 Way Mini Ball Valve 1/2 M/m/m,Plumbing,39.4,3,,,,,,pending,,pending,RESEARCHED_PENDING,,,,,,,,,,,,Systematic authoritative-source pass performed for this low-priority row; no exact model-specific manufacturer image was preserved.,,Exact identity/image evidence not preserved under the strict manufacturer-first hierarchy; fail-closed to PENDING.,NO_PRESERVABLE_EXACT_AUTHORITATIVE_IMAGE,,PENDING,pending,needs_permission,,,
6317,WIN-ROL-MAS-4002X10SET,SET,Sr Master Roller 4002 X 10 Sets,Doors & Hardware,39.4,3,,,,,,pending,,pending,RESEARCHED_PENDING,,,,,,,,,,,,Systematic authoritative-source pass performed for this low-priority row; no exact model-specific manufacturer image was preserved.,,Exact identity/image evidence not preserved under the strict manufacturer-first hierarchy; fail-closed to PENDING.,NO_PRESERVABLE_EXACT_AUTHORITATIVE_IMAGE,,PENDING,pending,needs_permission,,,
6318,X-FLO-MOC-30PS18,PCS,12 X 12 Floor Tiles 30PS18,Power Tools,39.4,3,,30PS18,,,,pending,,pending,RESEARCHED_PENDING,,30PS18,,,,,,,,,,Systematic authoritative-source pass performed for this low-priority row; no exact model-specific manufacturer image was preserved.,,Exact identity/image evidence not preserved under the strict manufacturer-first hierarchy; fail-closed to PENDING.,NO_PRESERVABLE_EXACT_AUTHORITATIVE_IMAGE,,PENDING,pending,needs_permission,,,
6319,X-SWI-LWD-1WAY-2GANG,PCS,Niko S - 1G1W Switch White,Electrical,39.4,3,,1G1W,,,,pending,,pending,RESEARCHED_PENDING,,1G1W,,,,,,,,,,Systematic authoritative-source pass performed for this low-priority row; no exact model-specific manufacturer image was preserved.,,Exact identity/image evidence not preserved under the strict manufacturer-first hierarchy; fail-closed to PENDING.,NO_PRESERVABLE_EXACT_AUTHORITATIVE_IMAGE,,PENDING,pending,needs_permission,,,
6320,"ALUM-HOLLOW-2""X1""-4",PCS,2 X 1 Alum. Hollow Na - 4,Building Materials,39.3,3,,,,,,pending,,pending,RESEARCHED_PENDING,,,,,,,,,,,,Systematic authoritative-source pass performed for this low-priority row; no exact model-specific manufacturer image was preserved.,,Exact identity/image evidence not preserved under the strict manufacturer-first hierarchy; fail-closed to PENDING.,NO_PRESERVABLE_EXACT_AUTHORITATIVE_IMAGE,,PENDING,pending,needs_permission,,,
6321,"ALUM-ROU-NA-20'X1.1/4""",PCS,Na X 20 X 1 1/4 Round Tube,Building Materials,39.3,3,,,,,,pending,,pending,RESEARCHED_PENDING,,,,,,,,,,,,Systematic authoritative-source pass performed for this low-priority row; no exact model-specific manufacturer image was preserved.,,Exact identity/image evidence not preserved under the strict manufacturer-first hierarchy; fail-closed to PENDING.,NO_PRESERVABLE_EXACT_AUTHORITATIVE_IMAGE,,PENDING,pending,needs_permission,,,
6322,BNW-BOL-HTM-M10-40MM,PCS,H/t Bolt - M 10 X 40MM,Fasteners & Fixings,39.3,3,,,,,,pending,,pending,RESEARCHED_PENDING,,,,,,,,,,,,Systematic authoritative-source pass performed for this low-priority row; no exact model-specific manufacturer image was preserved.,,Exact identity/image evidence not preserved under the strict manufacturer-first hierarchy; fail-closed to PENDING.,NO_PRESERVABLE_EXACT_AUTHORITATIVE_IMAGE,,PENDING,pending,needs_permission,,,
6323,CAR-WAX-DIS,PCS,Dsl Dispel - 500ML,Automotive,39.3,3,,,,,,pending,,pending,RESEARCHED_PENDING,,,,,,,,,,,,Systematic authoritative-source pass performed for this low-priority row; no exact model-specific manufacturer image was preserved.,,Exact identity/image evidence not preserved under the strict manufacturer-first hierarchy; fail-closed to PENDING.,NO_PRESERVABLE_EXACT_AUTHORITATIVE_IMAGE,,PENDING,pending,needs_permission,,,
6324,ELE-D/L-PHI-PLC-865-18W,PCS,Philips Plc 18W 865 D/l Tube,Electrical,39.3,3,,,,,,pending,,pending,RESEARCHED_PENDING,,,,,,,,,,,,Systematic authoritative-source pass performed for this low-priority row; no exact model-specific manufacturer image was preserved.,,Exact identity/image evidence not preserved under the strict manufacturer-first hierarchy; fail-closed to PENDING.,NO_PRESERVABLE_EXACT_AUTHORITATIVE_IMAGE,,PENDING,pending,needs_permission,,,
6325,ELE-HOL-MX660/A,PCS,13A E27 Night Light Holder,Electrical,39.3,3,,E27,,,,pending,,pending,RESEARCHED_PENDING,,E27,,,,,,,,,,Systematic authoritative-source pass performed for this low-priority row; no exact model-specific manufacturer image was preserved.,,Exact identity/image evidence not preserved under the strict manufacturer-first hierarchy; fail-closed to PENDING.,NO_PRESERVABLE_EXACT_AUTHORITATIVE_IMAGE,,PENDING,pending,needs_permission,,,
6326,"FIT-YG235-TEE-1/4""-BRA",PCS,Brass Equal Tee 1/4,Plumbing,39.3,3,,YG235,,,,pending,,pending,RESEARCHED_PENDING,,YG235,,,,,,,,,,Systematic authoritative-source pass performed for this low-priority row; no exact model-specific manufacturer image was preserved.,,Exact identity/image evidence not preserved under the strict manufacturer-first hierarchy; fail-closed to PENDING.,NO_PRESERVABLE_EXACT_AUTHORITATIVE_IMAGE,,PENDING,pending,needs_permission,,,
6327,IND-PUN-YEL,PCS,PVC Punkis,Building Materials,39.3,3,,,,,,pending,,pending,RESEARCHED_PENDING,,,,,,,,,,,,Systematic authoritative-source pass performed for this low-priority row; no exact model-specific manufacturer image was preserved.,,Exact identity/image evidence not preserved under the strict manufacturer-first hierarchy; fail-closed to PENDING.,NO_PRESERVABLE_EXACT_AUTHORITATIVE_IMAGE,,PENDING,pending,needs_permission,,,
6328,JAC-BOT-CNN-R05TON,PCS,China Bottle Jack - 5.0 Ton,Lifting & Rigging,39.3,3,,,,,,pending,,pending,RESEARCHED_PENDING,,,,,,,,,,,,Systematic authoritative-source pass performed for this low-priority row; no exact model-specific manufacturer image was preserved.,,Exact identity/image evidence not preserved under the strict manufacturer-first hierarchy; fail-closed to PENDING.,NO_PRESERVABLE_EXACT_AUTHORITATIVE_IMAGE,,PENDING,pending,needs_permission,,,
6329,"MET-WAT-WASHER-1/2""",PCK,Water Meter Washer 1/2 (2PCS/PCK),Fasteners & Fixings,39.3,3,,2PCS/PCK,,,,pending,,pending,RESEARCHED_PENDING,,2PCS/PCK,,,,,,,,,,Systematic authoritative-source pass performed for this low-priority row; no exact model-specific manufacturer image was preserved.,,Exact identity/image evidence not preserved under the strict manufacturer-first hierarchy; fail-closed to PENDING.,NO_PRESERVABLE_EXACT_AUTHORITATIVE_IMAGE,,PENDING,pending,needs_permission,,,
6330,"NAI-CON-GAL-4""-BOX",BOX,4 Galvanised Steel Nail - 1 KG,Fasteners & Fixings,39.3,3,,,,,,pending,,pending,RESEARCHED_PENDING,,,,,,,,,,,,Systematic authoritative-source pass performed for this low-priority row; no exact model-specific manufacturer image was preserved.,,Exact identity/image evidence not preserved under the strict manufacturer-first hierarchy; fail-closed to PENDING.,NO_PRESERVABLE_EXACT_AUTHORITATIVE_IMAGE,,PENDING,pending,needs_permission,,,
6331,PAD-FIBR-DISC-BBU4,PCS,Bossman Fibre Disc Back-up Pad 4,Other,39.3,3,,,,,,pending,,pending,RESEARCHED_PENDING,,,,,,,,,,,,Systematic authoritative-source pass performed for this low-priority row; no exact model-specific manufacturer image was preserved.,,Exact identity/image evidence not preserved under the strict manufacturer-first hierarchy; fail-closed to PENDING.,NO_PRESERVABLE_EXACT_AUTHORITATIVE_IMAGE,,PENDING,pending,needs_permission,,,
6332,TAP-SKC-M10X1.50,SET,Skc Hand Tap M10 X 1.50,Plumbing,39.3,3,,M10,,,,pending,,pending,RESEARCHED_PENDING,,M10,,,,,,,,,,Systematic authoritative-source pass performed for this low-priority row; no exact model-specific manufacturer image was preserved.,,Exact identity/image evidence not preserved under the strict manufacturer-first hierarchy; fail-closed to PENDING.,NO_PRESERVABLE_EXACT_AUTHORITATIVE_IMAGE,,PENDING,pending,needs_permission,,,
6333,TOO-BAG-MTB002-E,PCS,20 Sensui Reflective Tools Bag,Power Tools,39.3,3,,,,,,pending,,pending,RESEARCHED_PENDING,,,,,,,,,,,,Systematic authoritative-source pass performed for this low-priority row; no exact model-specific manufacturer image was preserved.,,Exact identity/image evidence not preserved under the strict manufacturer-first hierarchy; fail-closed to PENDING.,NO_PRESERVABLE_EXACT_AUTHORITATIVE_IMAGE,,PENDING,pending,needs_permission,,,
6334,TOO-DRV-KT300+,PCS,12 King Top (+) Screw Driver,Fasteners & Fixings,39.3,3,,,,,,pending,,pending,RESEARCHED_PENDING,,,,,,,,,,,,Systematic authoritative-source pass performed for this low-priority row; no exact model-specific manufacturer image was preserved.,,Exact identity/image evidence not preserved under the strict manufacturer-first hierarchy; fail-closed to PENDING.,NO_PRESERVABLE_EXACT_AUTHORITATIVE_IMAGE,,PENDING,pending,needs_permission,,,
6335,TOO-LEV-MAG-SPI9,PCS,9 Magnet Spirit Level,Power Tools,39.3,3,,,,,,pending,,pending,RESEARCHED_PENDING,,,,,,,,,,,,Systematic authoritative-source pass performed for this low-priority row; no exact model-specific manufacturer image was preserved.,,Exact identity/image evidence not preserved under the strict manufacturer-first hierarchy; fail-closed to PENDING.,NO_PRESERVABLE_EXACT_AUTHORITATIVE_IMAGE,,PENDING,pending,needs_permission,,,
6336,X-FLO-MOC-30AAS80,PCS,"12""X12 Floor Tiles KH30AAS80",Power Tools,39.3,3,,X12,,,,pending,,pending,RESEARCHED_PENDING,,X12,,,,,,,,,,Systematic authoritative-source pass performed for this low-priority row; no exact model-specific manufacturer image was preserved.,,Exact identity/image evidence not preserved under the strict manufacturer-first hierarchy; fail-closed to PENDING.,NO_PRESERVABLE_EXACT_AUTHORITATIVE_IMAGE,,PENDING,pending,needs_permission,,,
6337,X-FLO-MOC-30LS02,PCS,12 X 12 Floor Tiles 30LS02,Power Tools,39.3,3,,30LS02,,,,pending,,pending,RESEARCHED_PENDING,,30LS02,,,,,,,,,,Systematic authoritative-source pass performed for this low-priority row; no exact model-specific manufacturer image was preserved.,,Exact identity/image evidence not preserved under the strict manufacturer-first hierarchy; fail-closed to PENDING.,NO_PRESERVABLE_EXACT_AUTHORITATIVE_IMAGE,,PENDING,pending,needs_permission,,,
6338,X-FLO-MOC-BR3030WW,PCS,300MM X 300MM BR3030WW,Power Tools,39.3,3,,BR3030WW,,,,pending,,pending,RESEARCHED_PENDING,,BR3030WW,,,,,,,,,,Systematic authoritative-source pass performed for this low-priority row; no exact model-specific manufacturer image was preserved.,,Exact identity/image evidence not preserved under the strict manufacturer-first hierarchy; fail-closed to PENDING.,NO_PRESERVABLE_EXACT_AUTHORITATIVE_IMAGE,,PENDING,pending,needs_permission,,,
6339,AER-FIL-TUB-050MM,MTR,Aerico Filter Tube 2 1/2 5MM,Pumps & Water,39.2,3,,,,,,pending,,pending,RESEARCHED_PENDING,,,,,,,,,,,,Systematic authoritative-source pass performed for this low-priority row; no exact model-specific manufacturer image was preserved.,,Exact identity/image evidence not preserved under the strict manufacturer-first hierarchy; fail-closed to PENDING.,NO_PRESERVABLE_EXACT_AUTHORITATIVE_IMAGE,,PENDING,pending,needs_permission,,,
6340,BAT-TER-+&-,SET,Battery Terminal +&,Electrical,39.2,3,,,,,,pending,,pending,RESEARCHED_PENDING,,,,,,,,,,,,Systematic authoritative-source pass performed for this low-priority row; no exact model-specific manufacturer image was preserved.,,Exact identity/image evidence not preserved under the strict manufacturer-first hierarchy; fail-closed to PENDING.,NO_PRESERVABLE_EXACT_AUTHORITATIVE_IMAGE,,PENDING,pending,needs_permission,,,
6341,BNW-BOL-HTM-M10-50MM,PCS,H/t Bolt - M 10 X 50MM,Fasteners & Fixings,39.2,3,,,,,,pending,,pending,RESEARCHED_PENDING,,,,,,,,,,,,Systematic authoritative-source pass performed for this low-priority row; no exact model-specific manufacturer image was preserved.,,Exact identity/image evidence not preserved under the strict manufacturer-first hierarchy; fail-closed to PENDING.,NO_PRESERVABLE_EXACT_AUTHORITATIVE_IMAGE,,PENDING,pending,needs_permission,,,
6342,COC-BAL-VIP-318-SS12MM,PCS,S/s Handle Union Tap:vip 318 1/2,Plumbing,39.2,3,,,,,,pending,,pending,RESEARCHED_PENDING,,,,,,,,,,,,Systematic authoritative-source pass performed for this low-priority row; no exact model-specific manufacturer image was preserved.,,Exact identity/image evidence not preserved under the strict manufacturer-first hierarchy; fail-closed to PENDING.,NO_PRESERVABLE_EXACT_AUTHORITATIVE_IMAGE,,PENDING,pending,needs_permission,,,
6343,ELE-PLUG-TOP-FUSE-15A,PCS,Plug Top Fuse 15A,Electrical,39.2,3,,,,,,pending,,pending,RESEARCHED_PENDING,,,,,,,,,,,,Systematic authoritative-source pass performed for this low-priority row; no exact model-specific manufacturer image was preserved.,,Exact identity/image evidence not preserved under the strict manufacturer-first hierarchy; fail-closed to PENDING.,NO_PRESERVABLE_EXACT_AUTHORITATIVE_IMAGE,,PENDING,pending,needs_permission,,,
6344,FIT-PVC-ELB-15MM*,PCS,PVC Fitting Elbow 15MM 1/2,Plumbing,39.2,3,,,,,,pending,,pending,RESEARCHED_PENDING,,,,,,,,,,,,Systematic authoritative-source pass performed for this low-priority row; no exact model-specific manufacturer image was preserved.,,Exact identity/image evidence not preserved under the strict manufacturer-first hierarchy; fail-closed to PENDING.,NO_PRESERVABLE_EXACT_AUTHORITATIVE_IMAGE,,PENDING,pending,needs_permission,,,
6345,"FIT-SS239-SOC-MXF-3/4""-SUS304",PCS,"Mxf Socket 3/4""X3/4",Electrical,39.2,3,,X3/4,,,,pending,,pending,RESEARCHED_PENDING,,X3/4,,,,,,,,,,Systematic authoritative-source pass performed for this low-priority row; no exact model-specific manufacturer image was preserved.,,Exact identity/image evidence not preserved under the strict manufacturer-first hierarchy; fail-closed to PENDING.,NO_PRESERVABLE_EXACT_AUTHORITATIVE_IMAGE,,PENDING,pending,needs_permission,,,
6346,MIDDY-CORNER OUT-G100CO-W,PCS,Middy:corner Out (white),Other,39.2,3,,,,,,pending,,pending,RESEARCHED_PENDING,,,,,,,,,,,,Systematic authoritative-source pass performed for this low-priority row; no exact model-specific manufacturer image was preserved.,,Exact identity/image evidence not preserved under the strict manufacturer-first hierarchy; fail-closed to PENDING.,NO_PRESERVABLE_EXACT_AUTHORITATIVE_IMAGE,,PENDING,pending,needs_permission,,,
6347,NAI-CON-BLA-18MM,BOX,3/4 Black Hardened Steel Concrete Nail,Fasteners & Fixings,39.2,3,,,,,,pending,,pending,RESEARCHED_PENDING,,,,,,,,,,,,Systematic authoritative-source pass performed for this low-priority row; no exact model-specific manufacturer image was preserved.,,Exact identity/image evidence not preserved under the strict manufacturer-first hierarchy; fail-closed to PENDING.,NO_PRESERVABLE_EXACT_AUTHORITATIVE_IMAGE,,PENDING,pending,needs_permission,,,
6348,NUM-80MM-8,PCS,Acp Numbering 80MM - 8,Signage & Numbering,39.2,3,,,,,,pending,,pending,RESEARCHED_PENDING,,,,,,,,,,,,Systematic authoritative-source pass performed for this low-priority row; no exact model-specific manufacturer image was preserved.,,Exact identity/image evidence not preserved under the strict manufacturer-first hierarchy; fail-closed to PENDING.,NO_PRESERVABLE_EXACT_AUTHORITATIVE_IMAGE,,PENDING,pending,needs_permission,,,
6349,SAF-BEL-IND-SH6,PCS,R'yal Body Harness Safety Belt,Safety & Workwear,39.2,3,,,,,,pending,,pending,RESEARCHED_PENDING,,,,,,,,,,,,Systematic authoritative-source pass performed for this low-priority row; no exact model-specific manufacturer image was preserved.,,Exact identity/image evidence not preserved under the strict manufacturer-first hierarchy; fail-closed to PENDING.,NO_PRESERVABLE_EXACT_AUTHORITATIVE_IMAGE,,PENDING,pending,needs_permission,,,
6350,"SANDEX-VEL-SPO-5""",PCS,Sandex 5 Velcro Polish Sponge (thick),Abrasives & Cutting,39.2,3,,,,,,pending,,pending,RESEARCHED_PENDING,,,,,,,,,,,,Systematic authoritative-source pass performed for this low-priority row; no exact model-specific manufacturer image was preserved.,,Exact identity/image evidence not preserved under the strict manufacturer-first hierarchy; fail-closed to PENDING.,NO_PRESERVABLE_EXACT_AUTHORITATIVE_IMAGE,,PENDING,pending,needs_permission,,,
6351,STR-NYL-TWI-06S,ROLL,6 Nylon Twin,"Rope, Chain & Netting",39.2,3,,,,,,pending,,pending,RESEARCHED_PENDING,,,,,,,,,,,,Systematic authoritative-source pass performed for this low-priority row; no exact model-specific manufacturer image was preserved.,,Exact identity/image evidence not preserved under the strict manufacturer-first hierarchy; fail-closed to PENDING.,NO_PRESERVABLE_EXACT_AUTHORITATIVE_IMAGE,,PENDING,pending,needs_permission,,,
6352,SWI-SOC-KB15,PCS,Schneider-vivace 13A 250V 1G Switched Socket,Electrical,39.2,3,,,,,,pending,,pending,RESEARCHED_PENDING,,,,,,,,,,,,Systematic authoritative-source pass performed for this low-priority row; no exact model-specific manufacturer image was preserved.,,Exact identity/image evidence not preserved under the strict manufacturer-first hierarchy; fail-closed to PENDING.,NO_PRESERVABLE_EXACT_AUTHORITATIVE_IMAGE,,PENDING,pending,needs_permission,,,
6353,TOO-RUL-CAL-516,PCK,2PCS PVC Caliper,Hand Tools,39.2,3,,,,,,pending,,pending,RESEARCHED_PENDING,,,,,,,,,,,,Systematic authoritative-source pass performed for this low-priority row; no exact model-specific manufacturer image was preserved.,,Exact identity/image evidence not preserved under the strict manufacturer-first hierarchy; fail-closed to PENDING.,NO_PRESERVABLE_EXACT_AUTHORITATIVE_IMAGE,,PENDING,pending,needs_permission,,,
6354,TOO-TES-PEN-STA-(66-120),PCS,Spark Detecting Screwdriver - 3/16 X 7-1/2,Hand Tools,39.2,3,,,,,,pending,,pending,RESEARCHED_PENDING,,,,,,,,,,,,Systematic authoritative-source pass performed for this low-priority row; no exact model-specific manufacturer image was preserved.,,Exact identity/image evidence not preserved under the strict manufacturer-first hierarchy; fail-closed to PENDING.,NO_PRESERVABLE_EXACT_AUTHORITATIVE_IMAGE,,PENDING,pending,needs_permission,,,
6355,TOO-WRE-DOU-1617,PCS,Double Flexible Socket Wrench 16 X 17MM,Hand Tools,39.2,3,,,,,,pending,,pending,RESEARCHED_PENDING,,,,,,,,,,,,Systematic authoritative-source pass performed for this low-priority row; no exact model-specific manufacturer image was preserved.,,Exact identity/image evidence not preserved under the strict manufacturer-first hierarchy; fail-closed to PENDING.,NO_PRESERVABLE_EXACT_AUTHORITATIVE_IMAGE,,PENDING,pending,needs_permission,,,
6356,TOO-WRE-KEY-A30800,SET,Arrow 9 PCS MM Ball Point Hex Wrench Set,Hand Tools,39.2,3,,,,,,pending,,pending,RESEARCHED_PENDING,,,,,,,,,,,,Systematic authoritative-source pass performed for this low-priority row; no exact model-specific manufacturer image was preserved.,,Exact identity/image evidence not preserved under the strict manufacturer-first hierarchy; fail-closed to PENDING.,NO_PRESERVABLE_EXACT_AUTHORITATIVE_IMAGE,,PENDING,pending,needs_permission,,,
6357,ABR-PAP-SWA-0500,SHT,Swallow Abrasive Sand Paper 500,Abrasives & Cutting,39.1,3,,,,,,pending,,pending,RESEARCHED_PENDING,,,,,,,,,,,,Systematic authoritative-source pass performed for this low-priority row; no exact model-specific manufacturer image was preserved.,,Exact identity/image evidence not preserved under the strict manufacturer-first hierarchy; fail-closed to PENDING.,NO_PRESERVABLE_EXACT_AUTHORITATIVE_IMAGE,,PENDING,pending,needs_permission,,,
6358,BAT-ENE-LIT-2016,PCS,Energizer Lithium 2016,Electrical,39.1,3,,,,,,pending,,pending,RESEARCHED_PENDING,,,,,,,,,,,,Systematic authoritative-source pass performed for this low-priority row; no exact model-specific manufacturer image was preserved.,,Exact identity/image evidence not preserved under the strict manufacturer-first hierarchy; fail-closed to PENDING.,NO_PRESERVABLE_EXACT_AUTHORITATIVE_IMAGE,,PENDING,pending,needs_permission,,,
6359,BNW-BOL-SS304-M6-30MM,PCS,SS 304 Bolt - M6 X 30MM,Fasteners & Fixings,39.1,3,,,,,,pending,,pending,RESEARCHED_PENDING,,,,,,,,,,,,Systematic authoritative-source pass performed for this low-priority row; no exact model-specific manufacturer image was preserved.,,Exact identity/image evidence not preserved under the strict manufacturer-first hierarchy; fail-closed to PENDING.,NO_PRESERVABLE_EXACT_AUTHORITATIVE_IMAGE,,PENDING,pending,needs_permission,,,
6360,CLI-ELE-CAB-20MM100'S,BOX,Cable Clip 20MM 40'S,Electrical,39.1,3,,,,,,pending,,pending,RESEARCHED_PENDING,,,,,,,,,,,,Systematic authoritative-source pass performed for this low-priority row; no exact model-specific manufacturer image was preserved.,,Exact identity/image evidence not preserved under the strict manufacturer-first hierarchy; fail-closed to PENDING.,NO_PRESERVABLE_EXACT_AUTHORITATIVE_IMAGE,,PENDING,pending,needs_permission,,,
6361,DRI-AUG-2WAY-09MM,PCS,T&t 2WAY Auger BIT-3/8,Power Tool Accessories,39.1,3,,2WAY,,,,pending,,pending,RESEARCHED_PENDING,,2WAY,,,,,,,,,,Systematic authoritative-source pass performed for this low-priority row; no exact model-specific manufacturer image was preserved.,,Exact identity/image evidence not preserved under the strict manufacturer-first hierarchy; fail-closed to PENDING.,NO_PRESERVABLE_EXACT_AUTHORITATIVE_IMAGE,,PENDING,pending,needs_permission,,,
6362,IND-IRON-PLATE,PCS,M5 X 1.1/2 Gate Lock Holder,Doors & Hardware,39.1,3,,,,,,pending,,pending,RESEARCHED_PENDING,,,,,,,,,,,,Systematic authoritative-source pass performed for this low-priority row; no exact model-specific manufacturer image was preserved.,,Exact identity/image evidence not preserved under the strict manufacturer-first hierarchy; fail-closed to PENDING.,NO_PRESERVABLE_EXACT_AUTHORITATIVE_IMAGE,,PENDING,pending,needs_permission,,,
6363,LAM-INC-RF300WH,BOX,300W Sport Light,Lighting,39.1,3,,,,,,pending,,pending,RESEARCHED_PENDING,,,,,,,,,,,,Systematic authoritative-source pass performed for this low-priority row; no exact model-specific manufacturer image was preserved.,,Exact identity/image evidence not preserved under the strict manufacturer-first hierarchy; fail-closed to PENDING.,NO_PRESERVABLE_EXACT_AUTHORITATIVE_IMAGE,,PENDING,pending,needs_permission,,,
6364,"NAI-CON-WHI-3/4""",BOX,3/4 Hardened Steel Concrete Nail,Fasteners & Fixings,39.1,3,,,,,,pending,,pending,RESEARCHED_PENDING,,,,,,,,,,,,Systematic authoritative-source pass performed for this low-priority row; no exact model-specific manufacturer image was preserved.,,Exact identity/image evidence not preserved under the strict manufacturer-first hierarchy; fail-closed to PENDING.,NO_PRESERVABLE_EXACT_AUTHORITATIVE_IMAGE,,PENDING,pending,needs_permission,,,
6365,PAI-BRU-633-075MM,PCS,Paint Brush 633 X 75MM (PCS),Paint & Sundries,39.1,3,,,,,,pending,,pending,RESEARCHED_PENDING,,,,,,,,,,,,Systematic authoritative-source pass performed for this low-priority row; no exact model-specific manufacturer image was preserved.,,Exact identity/image evidence not preserved under the strict manufacturer-first hierarchy; fail-closed to PENDING.,NO_PRESERVABLE_EXACT_AUTHORITATIVE_IMAGE,,PENDING,pending,needs_permission,,,
6366,PLA-BAG-6X9X500G,ROLL,6 X 9 X 500G Hd/roll,Packaging,39.1,3,,,,,,pending,,pending,RESEARCHED_PENDING,,,,,,,,,,,,Systematic authoritative-source pass performed for this low-priority row; no exact model-specific manufacturer image was preserved.,,Exact identity/image evidence not preserved under the strict manufacturer-first hierarchy; fail-closed to PENDING.,NO_PRESERVABLE_EXACT_AUTHORITATIVE_IMAGE,,PENDING,pending,needs_permission,,,
6367,RAI-BOO-TCS5-41#7,PAIR,Tc S5 Yellow Safety Rain Boots 7,Safety & Workwear,39.1,3,,,,,,pending,,pending,RESEARCHED_PENDING,,,,,,,,,,,,Systematic authoritative-source pass performed for this low-priority row; no exact model-specific manufacturer image was preserved.,,Exact identity/image evidence not preserved under the strict manufacturer-first hierarchy; fail-closed to PENDING.,NO_PRESERVABLE_EXACT_AUTHORITATIVE_IMAGE,,PENDING,pending,needs_permission,,,
6368,RAI-BOO-TCS5-45#11,PAIR,Tc S5 Yellow Safety Rain Boots 11,Safety & Workwear,39.1,3,,,,,,pending,,pending,RESEARCHED_PENDING,,,,,,,,,,,,Systematic authoritative-source pass performed for this low-priority row; no exact model-specific manufacturer image was preserved.,,Exact identity/image evidence not preserved under the strict manufacturer-first hierarchy; fail-closed to PENDING.,NO_PRESERVABLE_EXACT_AUTHORITATIVE_IMAGE,,PENDING,pending,needs_permission,,,
6369,RIG-NIP-25MM,PCS,K. C. Nipple 25 MM,Lifting & Rigging,39.1,3,,,,,,pending,,pending,RESEARCHED_PENDING,,,,,,,,,,,,Systematic authoritative-source pass performed for this low-priority row; no exact model-specific manufacturer image was preserved.,,Exact identity/image evidence not preserved under the strict manufacturer-first hierarchy; fail-closed to PENDING.,NO_PRESERVABLE_EXACT_AUTHORITATIVE_IMAGE,,PENDING,pending,needs_permission,,,
6370,RIG-SHA-GAL-12MM,PCS,Galvanised D-shackle 12 MM,Lifting & Rigging,39.1,3,,,,,,pending,,pending,RESEARCHED_PENDING,,,,,,,,,,,,Systematic authoritative-source pass performed for this low-priority row; no exact model-specific manufacturer image was preserved.,,Exact identity/image evidence not preserved under the strict manufacturer-first hierarchy; fail-closed to PENDING.,NO_PRESERVABLE_EXACT_AUTHORITATIVE_IMAGE,,PENDING,pending,needs_permission,,,
6371,SAF-SHO-SAV-40/6#,PAIR,Savvi Safety Shoe 40/6,Safety & Workwear,39.1,3,,,,,,pending,,pending,RESEARCHED_PENDING,,,,,,,,,,,,Systematic authoritative-source pass performed for this low-priority row; no exact model-specific manufacturer image was preserved.,,Exact identity/image evidence not preserved under the strict manufacturer-first hierarchy; fail-closed to PENDING.,NO_PRESERVABLE_EXACT_AUTHORITATIVE_IMAGE,,PENDING,pending,needs_permission,,,
6372,SAF-SHO-SAV-42/8#,PAIR,Savvi Safety Shoe 42/8,Safety & Workwear,39.1,3,,,,,,pending,,pending,RESEARCHED_PENDING,,,,,,,,,,,,Systematic authoritative-source pass performed for this low-priority row; no exact model-specific manufacturer image was preserved.,,Exact identity/image evidence not preserved under the strict manufacturer-first hierarchy; fail-closed to PENDING.,NO_PRESERVABLE_EXACT_AUTHORITATIVE_IMAGE,,PENDING,pending,needs_permission,,,
6373,SAF-SHO-SAV-43/9#,PAIR,Savvi Safety Shoe 43/9,Safety & Workwear,39.1,3,,,,,,pending,,pending,RESEARCHED_PENDING,,,,,,,,,,,,Systematic authoritative-source pass performed for this low-priority row; no exact model-specific manufacturer image was preserved.,,Exact identity/image evidence not preserved under the strict manufacturer-first hierarchy; fail-closed to PENDING.,NO_PRESERVABLE_EXACT_AUTHORITATIVE_IMAGE,,PENDING,pending,needs_permission,,,
6374,SAF-SHO-SAV-44/10#,PAIR,Savvi Safety Shoe 44/10,Safety & Workwear,39.1,3,,,,,,pending,,pending,RESEARCHED_PENDING,,,,,,,,,,,,Systematic authoritative-source pass performed for this low-priority row; no exact model-specific manufacturer image was preserved.,,Exact identity/image evidence not preserved under the strict manufacturer-first hierarchy; fail-closed to PENDING.,NO_PRESERVABLE_EXACT_AUTHORITATIVE_IMAGE,,PENDING,pending,needs_permission,,,
6375,SCP-TOI-CONCR-CLE-500ML,BTL,500ML Scp Concrete Cleaner,Chemicals & Adhesives,39.1,3,,,,,,pending,,pending,RESEARCHED_PENDING,,,,,,,,,,,,Systematic authoritative-source pass performed for this low-priority row; no exact model-specific manufacturer image was preserved.,,Exact identity/image evidence not preserved under the strict manufacturer-first hierarchy; fail-closed to PENDING.,NO_PRESERVABLE_EXACT_AUTHORITATIVE_IMAGE,,PENDING,pending,needs_permission,,,
6376,SHH-FROG-FG108737-37MM,PCS,Hytac Frog 37MM 8.4G (mix Colour),Fishing & Tackle,39.1,3,,FG108737,,,,pending,,pending,RESEARCHED_PENDING,,FG108737,,,,,,,,,,Systematic authoritative-source pass performed for this low-priority row; no exact model-specific manufacturer image was preserved.,,Exact identity/image evidence not preserved under the strict manufacturer-first hierarchy; fail-closed to PENDING.,NO_PRESERVABLE_EXACT_AUTHORITATIVE_IMAGE,,PENDING,pending,needs_permission,,,
6377,SHH-SPOON-2106,PCS,2106 (10G) 42MM Seahawk Iwana Spoon (silver Colour),Fishing & Tackle,39.1,3,,,,,,pending,,pending,RESEARCHED_PENDING,,,,,,,,,,,,Systematic authoritative-source pass performed for this low-priority row; no exact model-specific manufacturer image was preserved.,,Exact identity/image evidence not preserved under the strict manufacturer-first hierarchy; fail-closed to PENDING.,NO_PRESERVABLE_EXACT_AUTHORITATIVE_IMAGE,,PENDING,pending,needs_permission,,,
6378,SHH-SPOON-2159,PCS,2159 (10G)48MM Seahawk Iwana Spoon (mix Color),Fishing & Tackle,39.1,3,,,,,,pending,,pending,RESEARCHED_PENDING,,,,,,,,,,,,Systematic authoritative-source pass performed for this low-priority row; no exact model-specific manufacturer image was preserved.,,Exact identity/image evidence not preserved under the strict manufacturer-first hierarchy; fail-closed to PENDING.,NO_PRESERVABLE_EXACT_AUTHORITATIVE_IMAGE,,PENDING,pending,needs_permission,,,
6379,"SIN-FLE-PVC-OUT-1.1/2""",PCS,Corsa Flexible Hose 1/2 (350-800MM),Plumbing,39.1,3,,350-800MM,,,,pending,,pending,RESEARCHED_PENDING,,350-800MM,,,,,,,,,,Systematic authoritative-source pass performed for this low-priority row; no exact model-specific manufacturer image was preserved.,,Exact identity/image evidence not preserved under the strict manufacturer-first hierarchy; fail-closed to PENDING.,NO_PRESERVABLE_EXACT_AUTHORITATIVE_IMAGE,,PENDING,pending,needs_permission,,,
6380,TAB-PVC-187-15,ROLL,137CM X 25M Thick 107 Table Cloth - 494-10,Housewares,39.1,3,,,,,,pending,,pending,RESEARCHED_PENDING,,,,,,,,,,,,Systematic authoritative-source pass performed for this low-priority row; no exact model-specific manufacturer image was preserved.,,Exact identity/image evidence not preserved under the strict manufacturer-first hierarchy; fail-closed to PENDING.,NO_PRESERVABLE_EXACT_AUTHORITATIVE_IMAGE,,PENDING,pending,needs_permission,,,
6381,TIE-CAB-WHI-100MM,PCK,"White PVC Cable Ties 100MM (4"")",Electrical,39.1,3,,,,,,pending,,pending,RESEARCHED_PENDING,,,,,,,,,,,,Systematic authoritative-source pass performed for this low-priority row; no exact model-specific manufacturer image was preserved.,,Exact identity/image evidence not preserved under the strict manufacturer-first hierarchy; fail-closed to PENDING.,NO_PRESERVABLE_EXACT_AUTHORITATIVE_IMAGE,,PENDING,pending,needs_permission,,,
6382,TOI-TRAP-AC15S,NOS,S-trap AC15S,Plumbing,39.1,3,,AC15S,,,,pending,,pending,RESEARCHED_PENDING,,AC15S,,,,,,,,,,Systematic authoritative-source pass performed for this low-priority row; no exact model-specific manufacturer image was preserved.,,Exact identity/image evidence not preserved under the strict manufacturer-first hierarchy; fail-closed to PENDING.,NO_PRESERVABLE_EXACT_AUTHORITATIVE_IMAGE,,PENDING,pending,needs_permission,,,
6383,"TOO-BAR-WRE-STR-24""",PCS,Gd Wrecking BAR (straight) 24,Power Tools,39.1,3,,,,,,pending,,pending,RESEARCHED_PENDING,,,,,,,,,,,,Systematic authoritative-source pass performed for this low-priority row; no exact model-specific manufacturer image was preserved.,,Exact identity/image evidence not preserved under the strict manufacturer-first hierarchy; fail-closed to PENDING.,NO_PRESERVABLE_EXACT_AUTHORITATIVE_IMAGE,,PENDING,pending,needs_permission,,,
6384,"TOO-BAR-WRE-STR-36""",PCS,Gd Wrecking BAR (straight) 36,Power Tools,39.1,3,,,,,,pending,,pending,RESEARCHED_PENDING,,,,,,,,,,,,Systematic authoritative-source pass performed for this low-priority row; no exact model-specific manufacturer image was preserved.,,Exact identity/image evidence not preserved under the strict manufacturer-first hierarchy; fail-closed to PENDING.,NO_PRESERVABLE_EXACT_AUTHORITATIVE_IMAGE,,PENDING,pending,needs_permission,,,
6385,"TOO-LEV-MAG-SENSUI-12""",PCS,12 Sensui (blue) Magnet Spirit Level,Power Tools,39.1,3,,,,,,pending,,pending,RESEARCHED_PENDING,,,,,,,,,,,,Systematic authoritative-source pass performed for this low-priority row; no exact model-specific manufacturer image was preserved.,,Exact identity/image evidence not preserved under the strict manufacturer-first hierarchy; fail-closed to PENDING.,NO_PRESERVABLE_EXACT_AUTHORITATIVE_IMAGE,,PENDING,pending,needs_permission,,,
6386,TOO-PLI-CIR-STA-BI175,PCS,7 Circlip Pliers- Bent Int,Power Tools,39.1,3,,,,,,pending,,pending,RESEARCHED_PENDING,,,,,,,,,,,,Systematic authoritative-source pass performed for this low-priority row; no exact model-specific manufacturer image was preserved.,,Exact identity/image evidence not preserved under the strict manufacturer-first hierarchy; fail-closed to PENDING.,NO_PRESERVABLE_EXACT_AUTHORITATIVE_IMAGE,,PENDING,pending,needs_permission,,,
6387,TOO-PLI-COM-STA-150,PCS,6 Dynagrip HD Combination Plier,Hand Tools,39.1,3,,,,,,pending,,pending,RESEARCHED_PENDING,,,,,,,,,,,,Systematic authoritative-source pass performed for this low-priority row; no exact model-specific manufacturer image was preserved.,,Exact identity/image evidence not preserved under the strict manufacturer-first hierarchy; fail-closed to PENDING.,NO_PRESERVABLE_EXACT_AUTHORITATIVE_IMAGE,,PENDING,pending,needs_permission,,,
6388,TOO-RUL-STE-250,DOZ,Steel Angle Square 10,Power Tools,39.1,3,,,,,,pending,,pending,RESEARCHED_PENDING,,,,,,,,,,,,Systematic authoritative-source pass performed for this low-priority row; no exact model-specific manufacturer image was preserved.,,Exact identity/image evidence not preserved under the strict manufacturer-first hierarchy; fail-closed to PENDING.,NO_PRESERVABLE_EXACT_AUTHORITATIVE_IMAGE,,PENDING,pending,needs_permission,,,
6389,TOO-WRE-AHD10,UNIT,10 Arrow Black-finished H/d Adjustable Wrench,Hand Tools,39.1,3,,,,,,pending,,pending,RESEARCHED_PENDING,,,,,,,,,,,,Systematic authoritative-source pass performed for this low-priority row; no exact model-specific manufacturer image was preserved.,,Exact identity/image evidence not preserved under the strict manufacturer-first hierarchy; fail-closed to PENDING.,NO_PRESERVABLE_EXACT_AUTHORITATIVE_IMAGE,,PENDING,pending,needs_permission,,,
6390,X-DOR-LOC-CYL-02103,SET,Br 579 AC Cylindrical Door Lock,Doors & Hardware,39.1,3,,,,,,pending,,pending,RESEARCHED_PENDING,,,,,,,,,,,,Systematic authoritative-source pass performed for this low-priority row; no exact model-specific manufacturer image was preserved.,,Exact identity/image evidence not preserved under the strict manufacturer-first hierarchy; fail-closed to PENDING.,NO_PRESERVABLE_EXACT_AUTHORITATIVE_IMAGE,,PENDING,pending,needs_permission,,,
6391,BNW-BOL-HTM-M16-50MM,PCS,H/t Bolt - M 16 X 50MM,Fasteners & Fixings,39.0,3,,,,,,pending,,pending,RESEARCHED_PENDING,,,,,,,,,,,,Systematic authoritative-source pass performed for this low-priority row; no exact model-specific manufacturer image was preserved.,,Exact identity/image evidence not preserved under the strict manufacturer-first hierarchy; fail-closed to PENDING.,NO_PRESERVABLE_EXACT_AUTHORITATIVE_IMAGE,,PENDING,pending,needs_permission,,,
6392,BRA-S/STEEL-19MM-MMD19(D),PCS,19MM S/steel Bracket,Plumbing,39.0,3,,,,,,pending,,pending,RESEARCHED_PENDING,,,,,,,,,,,,Systematic authoritative-source pass performed for this low-priority row; no exact model-specific manufacturer image was preserved.,,Exact identity/image evidence not preserved under the strict manufacturer-first hierarchy; fail-closed to PENDING.,NO_PRESERVABLE_EXACT_AUTHORITATIVE_IMAGE,,PENDING,pending,needs_permission,,,
6393,CHI-FOO-4712P,PCS,12 Food Container For Chicken W/partition,Outdoor & Garden,39.0,3,,,,,,pending,,pending,RESEARCHED_PENDING,,,,,,,,,,,,Systematic authoritative-source pass performed for this low-priority row; no exact model-specific manufacturer image was preserved.,,Exact identity/image evidence not preserved under the strict manufacturer-first hierarchy; fail-closed to PENDING.,NO_PRESERVABLE_EXACT_AUTHORITATIVE_IMAGE,,PENDING,pending,needs_permission,,,
6394,CLI-ELE-CAB-07MM,BOX,Cable Clip 7MM 100'S (bd),Electrical,39.0,3,,,,,,pending,,pending,RESEARCHED_PENDING,,,,,,,,,,,,Systematic authoritative-source pass performed for this low-priority row; no exact model-specific manufacturer image was preserved.,,Exact identity/image evidence not preserved under the strict manufacturer-first hierarchy; fail-closed to PENDING.,NO_PRESERVABLE_EXACT_AUTHORITATIVE_IMAGE,,PENDING,pending,needs_permission,,,
6395,CUT-OIL-GLA,PCS,055 Oil Glass Cutter,Building Materials,39.0,3,,,,,,pending,,pending,RESEARCHED_PENDING,,,,,,,,,,,,Systematic authoritative-source pass performed for this low-priority row; no exact model-specific manufacturer image was preserved.,,Exact identity/image evidence not preserved under the strict manufacturer-first hierarchy; fail-closed to PENDING.,NO_PRESERVABLE_EXACT_AUTHORITATIVE_IMAGE,,PENDING,pending,needs_permission,,,
6396,CUT-SAW-WAL-BOA,PCS,King Top Wall Board Saw,Building Materials,39.0,3,,,,,,pending,,pending,RESEARCHED_PENDING,,,,,,,,,,,,Systematic authoritative-source pass performed for this low-priority row; no exact model-specific manufacturer image was preserved.,,Exact identity/image evidence not preserved under the strict manufacturer-first hierarchy; fail-closed to PENDING.,NO_PRESERVABLE_EXACT_AUTHORITATIVE_IMAGE,,PENDING,pending,needs_permission,,,
6397,ELE-PEN-5566/3-PL,PCS,Pendant Light 5566-3,Electrical,39.0,3,,,,,,pending,,pending,RESEARCHED_PENDING,,,,,,,,,,,,Systematic authoritative-source pass performed for this low-priority row; no exact model-specific manufacturer image was preserved.,,Exact identity/image evidence not preserved under the strict manufacturer-first hierarchy; fail-closed to PENDING.,NO_PRESERVABLE_EXACT_AUTHORITATIVE_IMAGE,,PENDING,pending,needs_permission,,,
6398,"FIT-HDPE-ADA-MAL-20MMX3/4""",PCS,HDPE Adaptor Male 20MM X 3/4,Plumbing,39.0,3,,,,,,pending,,pending,RESEARCHED_PENDING,,,,,,,,,,,,Systematic authoritative-source pass performed for this low-priority row; no exact model-specific manufacturer image was preserved.,,Exact identity/image evidence not preserved under the strict manufacturer-first hierarchy; fail-closed to PENDING.,NO_PRESERVABLE_EXACT_AUTHORITATIVE_IMAGE,,PENDING,pending,needs_permission,,,
6399,GAS-LIG-081,PCS,349 Flexible Refillable Gas Lighter,Home Appliances,39.0,3,,,,,,pending,,pending,RESEARCHED_PENDING,,,,,,,,,,,,Systematic authoritative-source pass performed for this low-priority row; no exact model-specific manufacturer image was preserved.,,Exact identity/image evidence not preserved under the strict manufacturer-first hierarchy; fail-closed to PENDING.,NO_PRESERVABLE_EXACT_AUTHORITATIVE_IMAGE,,PENDING,pending,needs_permission,,,
6400,GAS-SPR-CR8459N,PCS,Cleaning Chamber,Home Appliances,39.0,3,,,,,,pending,,pending,RESEARCHED_PENDING,,,,,,,,,,,,Systematic authoritative-source pass performed for this low-priority row; no exact model-specific manufacturer image was preserved.,,Exact identity/image evidence not preserved under the strict manufacturer-first hierarchy; fail-closed to PENDING.,NO_PRESERVABLE_EXACT_AUTHORITATIVE_IMAGE,,PENDING,pending,needs_permission,,,
