item_code,uom,deepseek_decision,gemini_decision,agree,finish_exact,model_exact,rights_status,reason,human_action
JOV-WAT-HEA-SL30IP-BLK-RS,PCS,candidate,candidate,yes,yes,yes,needs_permission,Reverified candidate: live official product page and exact image asset confirmed for JOV-WAT-HEA-SL30IP-BLK-RS; exact model and finish matched; rights marked needs_permission.,Preserve verified official asset for evidence manifest; publication permission remains required.
JOV-WAT-HEA-SL30IP-BLK,PCS,candidate,candidate,yes,yes,yes,needs_permission,Reverified candidate: official Joven Malaysia page 5101401 confirms exact non-RS SL30iP model in Matt Black with slider bar accessories (RS overhead shower excluded); exact image sl30ip_black_2026_1.jpg verified.,Preserve verified non-RS black official asset for evidence manifest; publication permission remains required.
JOV-WAT-HEA-SL30IP-WHI,PCS,candidate,candidate,yes,yes,yes,needs_permission,Reverified candidate: live official product page and exact image asset confirmed for JOV-WAT-HEA-SL30IP-WHI; exact model and finish matched; rights marked needs_permission.,Preserve verified official asset for evidence manifest; publication permission remains required.
JOV-WAT-HEA-SL30IP-WHI-RS,PCS,pending,pending,yes,unresolved,yes,needs_permission,Reverified pending: fail-closed upheld for JOV-WAT-HEA-SL30IP-WHI-RS; no exact live official manufacturer asset verified.,Keep pending until official manufacturer image is supplied.
JOV-WAT-HEA-SA20E,PCS,candidate,candidate,yes,yes,yes,needs_permission,Reverified candidate: live official product page and exact image asset confirmed for JOV-WAT-HEA-SA20E; exact model and finish matched; rights marked needs_permission.,Preserve verified official asset for evidence manifest; publication permission remains required.
SIN-SOR-SRTKS2406,PCS,pending,pending,yes,unresolved,unresolved,needs_permission,Reverified pending: fail-closed upheld for SIN-SOR-SRTKS2406; no exact live official manufacturer asset verified.,Keep pending until official manufacturer image is supplied.
JOV-WAT-HEA-SA8E,PCS,candidate,candidate,yes,yes,yes,needs_permission,Reverified candidate: live official product page and exact image asset confirmed for JOV-WAT-HEA-SA8E; exact model and finish matched; rights marked needs_permission.,Preserve verified official asset for evidence manifest; publication permission remains required.
SIN-SOR-SRTKS2408,PCS,pending,pending,yes,unresolved,unresolved,needs_permission,Reverified pending: fail-closed upheld for SIN-SOR-SRTKS2408; no exact live official manufacturer asset verified.,Keep pending until official manufacturer image is supplied.
TOI-TRP-WC-2122A-P,SET,pending,pending,yes,yes,unresolved,needs_permission,Reverified pending: fail-closed upheld for TOI-TRP-WC-2122A-P; no exact live official manufacturer asset verified.,Keep pending until official manufacturer image is supplied.
TOI-TRP-WC2110A-P,SET,pending,pending,yes,yes,unresolved,needs_permission,Reverified pending: fail-closed upheld for TOI-TRP-WC2110A-P; no exact live official manufacturer asset verified.,Keep pending until official manufacturer image is supplied.
JOV-WAT-HEA-SL30E-WHI-RS,PCS,candidate,candidate,yes,yes,yes,needs_permission,Reverified candidate: live official product page and exact image asset confirmed for JOV-WAT-HEA-SL30E-WHI-RS; exact model and finish matched; rights marked needs_permission.,Preserve verified official asset for evidence manifest; publication permission remains required.
SHO-SAN-SWP-BSP-9003G,PCS,candidate,candidate,yes,yes,yes,needs_permission,Reverified candidate: live official product page and exact image asset confirmed for SHO-SAN-SWP-BSP-9003G; exact model and finish matched; rights marked needs_permission.,Preserve verified official asset for evidence manifest; publication permission remains required.
SHO-SAN-SWP-BSP-9003RG,PCS,candidate,candidate,yes,yes,yes,needs_permission,Reverified candidate: live official product page and exact image asset confirmed for SHO-SAN-SWP-BSP-9003RG; exact model and finish matched; rights marked needs_permission.,Preserve verified official asset for evidence manifest; publication permission remains required.
TAP-SAN-SWP-RG-304-3905,PCS,pending,pending,yes,unresolved,unresolved,needs_permission,Reverified pending: fail-closed upheld for TAP-SAN-SWP-RG-304-3905; no exact live official manufacturer asset verified.,Keep pending until official manufacturer image is supplied.
FAN-CEI-DEKA-CF5DCL46MB12,UNIT,candidate,candidate,yes,yes,yes,needs_permission,Reverified candidate: live official product page and exact image asset confirmed for FAN-CEI-DEKA-CF5DCL46MB12; exact model and finish matched; rights marked needs_permission.,Preserve verified official asset for evidence manifest; publication permission remains required.
ELE-BUL-E27-3W-RED,PCS,pending,pending,yes,unresolved,unresolved,needs_permission,Reverified pending: fail-closed upheld for ELE-BUL-E27-3W-RED; no exact live official manufacturer asset verified.,Keep pending until official manufacturer image is supplied.
TAP-SAN-SWP-B-2521,PCS,candidate,candidate,yes,yes,yes,needs_permission,Reverified candidate: live official product page and exact image asset confirmed for TAP-SAN-SWP-B-2521; exact model and finish matched; rights marked needs_permission.,Preserve verified official asset for evidence manifest; publication permission remains required.
JOV-WAT-HEA-SB11IP-BLK-RS,PCS,pending,pending,yes,unresolved,yes,needs_permission,Reverified pending: fail-closed upheld for JOV-WAT-HEA-SB11IP-BLK-RS; no exact live official manufacturer asset verified.,Keep pending until official manufacturer image is supplied.
RUB-TAE11-M330,UNIT,candidate,candidate,yes,yes,yes,needs_permission,Reverified candidate: live official product page and exact image asset confirmed for RUB-TAE11-M330; exact model and finish matched; rights marked needs_permission.,Preserve verified official asset for evidence manifest; publication permission remains required.
STA-ROT-HAM-SHR263KA,UNIT,pending,pending,yes,yes,unresolved,needs_permission,Reverified pending: fail-closed upheld for STA-ROT-HAM-SHR263KA; no exact live official manufacturer asset verified.,Keep pending until official manufacturer image is supplied.
TAP-SAN-SWP-B-3023,PCS,candidate,candidate,yes,yes,yes,needs_permission,Reverified candidate: live official product page and exact image asset confirmed for TAP-SAN-SWP-B-3023; exact model and finish matched; rights marked needs_permission.,Preserve verified official asset for evidence manifest; publication permission remains required.
OVEN-RUB-TAE13-M266,UNIT,candidate,candidate,yes,yes,yes,needs_permission,Reverified candidate: live official product page and exact image asset confirmed for OVEN-RUB-TAE13-M266; exact model and finish matched; rights marked needs_permission.,Preserve verified official asset for evidence manifest; publication permission remains required.
KHI-COO-RC3636,SET,pending,pending,yes,unresolved,yes,needs_permission,Reverified pending: fail-closed upheld for KHI-COO-RC3636; no exact live official manufacturer asset verified.,Keep pending until official manufacturer image is supplied.
SHO-SOR-SRTSA830,PCS,candidate,candidate,yes,yes,yes,needs_permission,Reverified candidate: live official product page and exact image asset confirmed for SHO-SOR-SRTSA830; exact model and finish matched; rights marked needs_permission.,Preserve verified official asset for evidence manifest; publication permission remains required.
SHO-SOR-SRTSA860-GM,PCS,candidate,candidate,yes,yes,yes,needs_permission,Reverified candidate: live official product page and exact image asset confirmed for SHO-SOR-SRTSA860-GM; exact model and finish matched; rights marked needs_permission.,Preserve verified official asset for evidence manifest; publication permission remains required.
JOV-WAT-HEA-SB11IP-WHI,PCS,pending,pending,yes,unresolved,yes,needs_permission,Reverified pending: fail-closed upheld for JOV-WAT-HEA-SB11IP-WHI; no exact live official manufacturer asset verified.,Keep pending until official manufacturer image is supplied.
TAP-SAN-SWP-SS-304-3940-RG,PCS,candidate,candidate,yes,yes,yes,needs_permission,Reverified candidate: live official product page and exact image asset confirmed for TAP-SAN-SWP-SS-304-3940-RG; exact model and finish matched; rights marked needs_permission.,Preserve verified official asset for evidence manifest; publication permission remains required.
TOI-TRP-WC2300-S,SET,candidate,candidate,yes,yes,yes,needs_permission,Reverified candidate: live official product page and exact image asset confirmed for TOI-TRP-WC2300-S; exact model and finish matched; rights marked needs_permission.,Preserve verified official asset for evidence manifest; publication permission remains required.
FAN-STA-KHI-SF1682,SET,candidate,candidate,yes,yes,yes,needs_permission,Reverified candidate: official Khind Malaysia page confirms exact Stand Fan (16) SF1682SE in Winter Grey; exact product asset SF1682SE_BG_white verified without sibling substitution.,Preserve verified official asset for evidence manifest; publication permission remains required.
ELE-BUL-E27-15W-RED,PCS,pending,pending,yes,unresolved,unresolved,needs_permission,Reverified pending: fail-closed upheld for ELE-BUL-E27-15W-RED; no exact live official manufacturer asset verified.,Keep pending until official manufacturer image is supplied.
TAP-SAN-SWP-B-3213,PCS,candidate,candidate,yes,yes,yes,needs_permission,Reverified candidate: live official product page and exact image asset confirmed for TAP-SAN-SWP-B-3213; exact model and finish matched; rights marked needs_permission.,Preserve verified official asset for evidence manifest; publication permission remains required.
JOV-WAT-HEA-SL30IP-WHI-AWB,PCS,pending,pending,yes,unresolved,unresolved,needs_permission,Reverified pending: fail-closed upheld for JOV-WAT-HEA-SL30IP-WHI-AWB; no exact live official manufacturer asset verified.,Keep pending until official manufacturer image is supplied.
TOI-TRP-WC2098RL-S,SET,pending,pending,yes,yes,unresolved,needs_permission,Reverified pending: fail-closed upheld for TOI-TRP-WC2098RL-S; no exact live official manufacturer asset verified.,Keep pending until official manufacturer image is supplied.
SIN-SOR-SRTKS2429-BL,PCS,pending,pending,yes,unresolved,yes,needs_permission,Reverified pending: fail-closed upheld for SIN-SOR-SRTKS2429-BL; no exact live official manufacturer asset verified.,Keep pending until official manufacturer image is supplied.
TAP-SAN-SWP-B-2934,PCS,pending,pending,yes,unresolved,yes,needs_permission,Reverified pending: fail-closed upheld for TAP-SAN-SWP-B-2934; no exact live official manufacturer asset verified.,Keep pending until official manufacturer image is supplied.
TAP-SAN-SWP-B-2931,PCS,candidate,candidate,yes,yes,yes,needs_permission,Reverified candidate: live official product page and exact image asset confirmed for TAP-SAN-SWP-B-2931; exact model and finish matched; rights marked needs_permission.,Preserve verified official asset for evidence manifest; publication permission remains required.
TAP-SAN-SWP-B-2930,PCS,candidate,candidate,yes,yes,yes,needs_permission,Reverified candidate: live official product page and exact image asset confirmed for TAP-SAN-SWP-B-2930; exact model and finish matched; rights marked needs_permission.,Preserve verified official asset for evidence manifest; publication permission remains required.
IND-RIC-COO-RC7878,SET,pending,pending,yes,unresolved,yes,needs_permission,Reverified pending: fail-closed upheld for IND-RIC-COO-RC7878; no exact live official manufacturer asset verified.,Keep pending until official manufacturer image is supplied.
FAN-STA-KHI-SF1663H,SET,candidate,candidate,yes,yes,yes,needs_permission,Reverified candidate: live official product page and exact image asset confirmed for FAN-STA-KHI-SF1663H; exact model and finish matched; rights marked needs_permission.,Preserve verified official asset for evidence manifest; publication permission remains required.
TAP-SAN-SWP-B-2924,PCS,pending,pending,yes,unresolved,unresolved,needs_permission,Reverified pending: fail-closed upheld for TAP-SAN-SWP-B-2924; no exact live official manufacturer asset verified.,Keep pending until official manufacturer image is supplied.
TAP-SAN-SWP-B-2921,PCS,pending,pending,yes,unresolved,unresolved,needs_permission,Reverified pending: fail-closed upheld for TAP-SAN-SWP-B-2921; no exact live official manufacturer asset verified.,Keep pending until official manufacturer image is supplied.
CAB-SAN-SWBC-SS6615,SET,candidate,candidate,yes,yes,yes,needs_permission,Reverified candidate: live official product page and exact image asset confirmed for CAB-SAN-SWBC-SS6615; exact model and finish matched; rights marked needs_permission.,Preserve verified official asset for evidence manifest; publication permission remains required.
GAS-STO-RUB-TAE10-M523,UNIT,candidate,candidate,yes,yes,yes,needs_permission,Reverified candidate: live official product page and exact image asset confirmed for GAS-STO-RUB-TAE10-M523; exact model and finish matched; rights marked needs_permission.,Preserve verified official asset for evidence manifest; publication permission remains required.
TAP-SAN-SWP-SS-304-3970-MB,PCS,pending,pending,yes,unresolved,unresolved,needs_permission,Reverified pending: fail-closed upheld for TAP-SAN-SWP-SS-304-3970-MB; no exact live official manufacturer asset verified.,Keep pending until official manufacturer image is supplied.
TOI-TRP-WC-8826-S,SET,pending,pending,yes,yes,yes,needs_permission,Reverified pending: fail-closed upheld for TOI-TRP-WC-8826-S; no exact live official manufacturer asset verified.,Keep pending until official manufacturer image is supplied.
CAB-SAN-SWBC-SS6411,SET,pending,pending,yes,unresolved,yes,needs_permission,Reverified pending: fail-closed upheld for CAB-SAN-SWBC-SS6411; no exact live official manufacturer asset verified.,Keep pending until official manufacturer image is supplied.
SHO-HAN-SWP-HS-502,SET,pending,pending,yes,unresolved,unresolved,needs_permission,Reverified pending: fail-closed upheld for SHO-HAN-SWP-HS-502; no exact live official manufacturer asset verified.,Keep pending until official manufacturer image is supplied.
FAN-CEI-KHI-WHI-CF618,SET,pending,pending,yes,unresolved,unresolved,needs_permission,Reverified pending: fail-closed upheld for FAN-CEI-KHI-WHI-CF618; no exact live official manufacturer asset verified.,Keep pending until official manufacturer image is supplied.
OVEN-RUB-TAE13-M265,UNIT,pending,pending,yes,unresolved,yes,needs_permission,Reverified pending: fail-closed upheld for OVEN-RUB-TAE13-M265; no exact live official manufacturer asset verified.,Keep pending until official manufacturer image is supplied.
TAP-SAN-SWP-SS-304-3970,PCS,pending,pending,yes,unresolved,unresolved,needs_permission,Reverified pending: fail-closed upheld for TAP-SAN-SWP-SS-304-3970; no exact live official manufacturer asset verified.,Keep pending until official manufacturer image is supplied.
TOI-TRP-WC-SRTWC8354-SH-UF(250MM),PCS,pending,pending,yes,unresolved,unresolved,needs_permission,Reverified pending: fail-closed upheld for TOI-TRP-WC-SRTWC8354-SH-UF(250MM); no exact live official manufacturer asset verified.,Keep pending until official manufacturer image is supplied.
SHO-SOR-SRTWT2634-RG,PCS,candidate,candidate,yes,yes,yes,needs_permission,Reverified candidate: live official product page and exact image asset confirmed for SHO-SOR-SRTWT2634-RG; exact model and finish matched; rights marked needs_permission.,Preserve verified official asset for evidence manifest; publication permission remains required.
STA-GRI-SG6100,UNIT,pending,pending,yes,unresolved,unresolved,needs_permission,Reverified pending: fail-closed upheld for STA-GRI-SG6100; no exact live official manufacturer asset verified.,Keep pending until official manufacturer image is supplied.
STA-DRI-SCH10D2K,UNIT,pending,pending,yes,unresolved,unresolved,needs_permission,Reverified pending: fail-closed upheld for STA-DRI-SCH10D2K; no exact live official manufacturer asset verified.,Keep pending until official manufacturer image is supplied.
TOI-TRP-WC-2110A-S,SET,pending,pending,yes,unresolved,unresolved,needs_permission,Reverified pending: fail-closed upheld for TOI-TRP-WC-2110A-S; no exact live official manufacturer asset verified.,Keep pending until official manufacturer image is supplied.
TOI-TRP-WC-2122A-S,SET,pending,pending,yes,unresolved,unresolved,needs_permission,Reverified pending: fail-closed upheld for TOI-TRP-WC-2122A-S; no exact live official manufacturer asset verified.,Keep pending until official manufacturer image is supplied.
TOI-TRP-WC-SRTWC286-SH-S(250MM),PCS,candidate,candidate,yes,yes,yes,needs_permission,Reverified candidate: live official product page and exact image asset confirmed for TOI-TRP-WC-SRTWC286-SH-S(250MM); exact model and finish matched; rights marked needs_permission.,Preserve verified official asset for evidence manifest; publication permission remains required.
TOI-TRP-WC-SRTWC8504-S,PCS,pending,pending,yes,unresolved,unresolved,needs_permission,Reverified pending: fail-closed upheld for TOI-TRP-WC-SRTWC8504-S; no exact live official manufacturer asset verified.,Keep pending until official manufacturer image is supplied.
STA-GRI-SCG400-SOLO,UNIT,pending,pending,yes,unresolved,unresolved,needs_permission,Reverified pending: fail-closed upheld for STA-GRI-SCG400-SOLO; no exact live official manufacturer asset verified.,Keep pending until official manufacturer image is supplied.
SHO-SOR-SRTWT2634,PCS,candidate,candidate,yes,yes,yes,needs_permission,Reverified candidate: live official product page and exact image asset confirmed for SHO-SOR-SRTWT2634; exact model and finish matched; rights marked needs_permission.,Preserve verified official asset for evidence manifest; publication permission remains required.
STA-ROT-HAM-SHR243KA,UNIT,pending,pending,yes,unresolved,unresolved,needs_permission,Reverified pending: fail-closed upheld for STA-ROT-HAM-SHR243KA; no exact live official manufacturer asset verified.,Keep pending until official manufacturer image is supplied.
SHO-SOR-SRTSH22614-BL,PCS,candidate,candidate,yes,yes,yes,needs_permission,Reverified candidate: live official product page and exact image asset confirmed for SHO-SOR-SRTSH22614-BL; exact model and finish matched; rights marked needs_permission.,Preserve verified official asset for evidence manifest; publication permission remains required.
SIN-SOR-SRTKS6091,PCS,pending,pending,yes,unresolved,unresolved,needs_permission,Reverified pending: fail-closed upheld for SIN-SOR-SRTKS6091; no exact live official manufacturer asset verified.,Keep pending until official manufacturer image is supplied.
FAN-CEI-LED-RCF-MOZIA56-5BL-BT,PCS,candidate,candidate,yes,yes,yes,needs_permission,Reverified candidate: live official product page and exact image asset confirmed for FAN-CEI-LED-RCF-MOZIA56-5BL-BT; exact model and finish matched; rights marked needs_permission.,Preserve verified official asset for evidence manifest; publication permission remains required.
TOI-TRP-WC-SRTWC8366-S(250MM),PCS,pending,pending,yes,unresolved,unresolved,needs_permission,Reverified pending: fail-closed upheld for TOI-TRP-WC-SRTWC8366-S(250MM); no exact live official manufacturer asset verified.,Keep pending until official manufacturer image is supplied.
TOI-TRP-WC-SRTWC8518-SH-S,PCS,pending,pending,yes,unresolved,unresolved,needs_permission,Reverified pending: fail-closed upheld for TOI-TRP-WC-SRTWC8518-SH-S; no exact live official manufacturer asset verified.,Keep pending until official manufacturer image is supplied.
GAS-STO-RUB-TAE10-E102,UNIT,candidate,candidate,yes,yes,yes,needs_permission,Reverified candidate: live official product page and exact image asset confirmed for GAS-STO-RUB-TAE10-E102; exact model and finish matched; rights marked needs_permission.,Preserve verified official asset for evidence manifest; publication permission remains required.
ELE-BUL-B22-3W-RED,PCS,pending,pending,yes,unresolved,unresolved,needs_permission,Reverified pending: fail-closed upheld for ELE-BUL-B22-3W-RED; no exact live official manufacturer asset verified.,Keep pending until official manufacturer image is supplied.
ELE-BUL-E27-10W-RED,PCS,pending,pending,yes,unresolved,unresolved,needs_permission,Reverified pending: fail-closed upheld for ELE-BUL-E27-10W-RED; no exact live official manufacturer asset verified.,Keep pending until official manufacturer image is supplied.
MIR-SWBC-SS6414,SET,pending,pending,yes,unresolved,unresolved,needs_permission,Reverified pending: fail-closed upheld for MIR-SWBC-SS6414; no exact live official manufacturer asset verified.,Keep pending until official manufacturer image is supplied.
OVEN-RUB-TAE13-M507,UNIT,pending,pending,yes,unresolved,unresolved,needs_permission,Reverified pending: fail-closed upheld for OVEN-RUB-TAE13-M507; no exact live official manufacturer asset verified.,Keep pending until official manufacturer image is supplied.
SHO-SOR-SRTSH2623-BL,PCS,candidate,candidate,yes,yes,yes,needs_permission,Reverified candidate: live official product page and exact image asset confirmed for SHO-SOR-SRTSH2623-BL; exact model and finish matched; rights marked needs_permission.,Preserve verified official asset for evidence manifest; publication permission remains required.
SIN-SOR-SRTKS2426-BL,PCS,candidate,candidate,yes,yes,yes,needs_permission,Reverified candidate: live official product page and exact image asset confirmed for SIN-SOR-SRTKS2426-BL; exact model and finish matched; rights marked needs_permission.,Preserve verified official asset for evidence manifest; publication permission remains required.
SHO-SAN-SWP-BSP-5505B,PCS,pending,pending,yes,unresolved,unresolved,needs_permission,Reverified pending: fail-closed upheld for SHO-SAN-SWP-BSP-5505B; no exact live official manufacturer asset verified.,Keep pending until official manufacturer image is supplied.
TAP-SAN-SWP-SS-304-3950-MB,PCS,pending,pending,yes,unresolved,unresolved,needs_permission,Reverified pending: fail-closed upheld for TAP-SAN-SWP-SS-304-3950-MB; no exact live official manufacturer asset verified.,Keep pending until official manufacturer image is supplied.
FAN-CEI-RCF-MOZIA56-5B-BT,PCS,candidate,candidate,yes,yes,yes,needs_permission,Reverified candidate: live official product page and exact image asset confirmed for FAN-CEI-RCF-MOZIA56-5B-BT; exact model and finish matched; rights marked needs_permission.,Preserve verified official asset for evidence manifest; publication permission remains required.
TOI-TRP-WC-SRTWC8840-S,PCS,pending,pending,yes,unresolved,unresolved,needs_permission,Reverified pending: fail-closed upheld for TOI-TRP-WC-SRTWC8840-S; no exact live official manufacturer asset verified.,Keep pending until official manufacturer image is supplied.
BATH-SRTBF31416,PCS,pending,pending,yes,unresolved,unresolved,needs_permission,Reverified pending: fail-closed upheld for BATH-SRTBF31416; no exact live official manufacturer asset verified.,Keep pending until official manufacturer image is supplied.
ELE-D/L-MEG-YTT100ZI-30W,PCS,pending,pending,yes,unresolved,unresolved,needs_permission,Reverified pending: fail-closed upheld for ELE-D/L-MEG-YTT100ZI-30W; no exact live official manufacturer asset verified.,Keep pending until official manufacturer image is supplied.
RUB-TAE10-M371,UNIT,candidate,candidate,yes,yes,yes,needs_permission,Reverified candidate: live official product page and exact image asset confirmed for RUB-TAE10-M371; exact model and finish matched; rights marked needs_permission.,Preserve verified official asset for evidence manifest; publication permission remains required.
SHO-SAN-SWP-BSP-5504B,PCS,pending,pending,yes,unresolved,unresolved,needs_permission,Reverified pending: fail-closed upheld for SHO-SAN-SWP-BSP-5504B; no exact live official manufacturer asset verified.,Keep pending until official manufacturer image is supplied.
SIN-SOR-SRTKS2431,PCS,pending,pending,yes,unresolved,unresolved,needs_permission,Reverified pending: confirmed fail-closed decision. No exact official SRTKS2431 image asset found; prior unauthorized dealer photo correctly rejected and not reused.,Keep pending until official manufacturer Nanograin SRTKS2431 image is supplied.
ELE-CAB-WIR-MKK-2.5MM-RED,ROLL,pending,pending,yes,unresolved,unresolved,needs_permission,Reverified pending: fail-closed upheld for ELE-CAB-WIR-MKK-2.5MM-RED; no exact live official manufacturer asset verified.,Keep pending until official manufacturer image is supplied.
FAN-CEI-DEKA-CGNL54MB12,UNIT,pending,pending,yes,unresolved,unresolved,needs_permission,Reverified pending: fail-closed upheld for FAN-CEI-DEKA-CGNL54MB12; no exact live official manufacturer asset verified.,Keep pending until official manufacturer image is supplied.
KHI-HDR-HD515,SET,candidate,candidate,yes,yes,yes,needs_permission,Reverified candidate: live official product page and exact image asset confirmed for KHI-HDR-HD515; exact model and finish matched; rights marked needs_permission.,Preserve verified official asset for evidence manifest; publication permission remains required.
OVEN-RUB-TAE13-M503,UNIT,candidate,candidate,yes,yes,yes,needs_permission,Reverified candidate: live official product page and exact image asset confirmed for OVEN-RUB-TAE13-M503; exact model and finish matched; rights marked needs_permission.,Preserve verified official asset for evidence manifest; publication permission remains required.
ELE-CAB-WIR-MKK-2.5MM-BLACK,ROLL,pending,pending,yes,unresolved,unresolved,needs_permission,Reverified pending: fail-closed upheld for ELE-CAB-WIR-MKK-2.5MM-BLACK; no exact live official manufacturer asset verified.,Keep pending until official manufacturer image is supplied.
MIR-SWBC-SS6811,SET,pending,pending,yes,unresolved,unresolved,needs_permission,Reverified pending: fail-closed upheld for MIR-SWBC-SS6811; no exact live official manufacturer asset verified.,Keep pending until official manufacturer image is supplied.
SPR-BID-SWP-SS-304-6875-BA,PCS,pending,pending,yes,unresolved,unresolved,needs_permission,Reverified pending: fail-closed upheld for SPR-BID-SWP-SS-304-6875-BA; no exact live official manufacturer asset verified.,Keep pending until official manufacturer image is supplied.
TAP-SAN-SWP-SS-304-3950,PCS,pending,pending,yes,unresolved,unresolved,needs_permission,Reverified pending: fail-closed upheld for TAP-SAN-SWP-SS-304-3950; no exact live official manufacturer asset verified.,Keep pending until official manufacturer image is supplied.
TAP-SAN-SWP-B-3213-G,PCS,pending,pending,yes,unresolved,unresolved,needs_permission,Reverified pending: fail-closed upheld for TAP-SAN-SWP-B-3213-G; no exact live official manufacturer asset verified.,Keep pending until official manufacturer image is supplied.
BATH-SRTBF31514,PCS,pending,pending,yes,unresolved,unresolved,needs_permission,Reverified pending: fail-closed upheld for BATH-SRTBF31514; no exact live official manufacturer asset verified.,Keep pending until official manufacturer image is supplied.
FAN-CEI-DEKA-CF66DC66MB12,UNIT,pending,pending,yes,unresolved,unresolved,needs_permission,Reverified pending: fail-closed upheld for FAN-CEI-DEKA-CF66DC66MB12; no exact live official manufacturer asset verified.,Keep pending until official manufacturer image is supplied.
JOV-WAT-FIL-JP200,PCS,pending,pending,yes,unresolved,unresolved,needs_permission,Reverified pending: fail-closed upheld for JOV-WAT-FIL-JP200; no exact live official manufacturer asset verified.,Keep pending until official manufacturer image is supplied.
KHI-HDR-HD511-GRE,SET,pending,pending,yes,unresolved,unresolved,needs_permission,Reverified pending: fail-closed upheld for KHI-HDR-HD511-GRE; no exact live official manufacturer asset verified.,Keep pending until official manufacturer image is supplied.
SHO-SOR-SRTWT9605RG,PCS,candidate,candidate,yes,yes,yes,needs_permission,Reverified candidate: live official product page and exact image asset confirmed for SHO-SOR-SRTWT9605RG; exact model and finish matched; rights marked needs_permission.,Preserve verified official asset for evidence manifest; publication permission remains required.
SHO-SOR-SRTWT9614,PCS,pending,pending,yes,unresolved,unresolved,needs_permission,Reverified pending: fail-closed upheld for SHO-SOR-SRTWT9614; no exact live official manufacturer asset verified.,Keep pending until official manufacturer image is supplied.
TAP-SAN-SWP-SS-304-3939,PCS,pending,pending,yes,unresolved,unresolved,needs_permission,Reverified pending: fail-closed upheld for TAP-SAN-SWP-SS-304-3939; no exact live official manufacturer asset verified.,Keep pending until official manufacturer image is supplied.
X-GAS-STO-RUB-TAE10-M372,UNIT,pending,pending,yes,unresolved,unresolved,needs_permission,Reverified pending: fail-closed upheld for X-GAS-STO-RUB-TAE10-M372; no exact live official manufacturer asset verified.,Keep pending until official manufacturer image is supplied.
FAN-FLO-KHI-FF2005,PCS,candidate,candidate,yes,yes,yes,needs_permission,Reverified candidate: visual audit confirms FF2005 asset is visually black (black fan body/grille on white background); exact 20-inch industrial floor fan model FF2005 confirmed on official Khind Malaysia page.,Preserve verified black official asset for evidence manifest; publication permission remains required.
SIN-SOR-SRTKS2427-BL,PCS,pending,pending,yes,unresolved,unresolved,needs_permission,Reverified pending: fail-closed upheld for SIN-SOR-SRTKS2427-BL; no exact live official manufacturer asset verified.,Keep pending until official manufacturer image is supplied.
BAS-SOR-SRTWB7132,PCS,pending,pending,yes,unresolved,unresolved,needs_permission,Reverified pending: fail-closed upheld for BAS-SOR-SRTWB7132; no exact live official manufacturer asset verified.,Keep pending until official manufacturer image is supplied.
ELE-D/L-MEG-YTPDGLE5-70W,PCS,pending,pending,yes,unresolved,unresolved,needs_permission,Reverified pending: fail-closed upheld for ELE-D/L-MEG-YTPDGLE5-70W; no exact live official manufacturer asset verified.,Keep pending until official manufacturer image is supplied.
X-ELE-LED-FFL-CHA-10W,PCS,pending,pending,yes,unresolved,unresolved,needs_permission,Reverified pending: fail-closed upheld for X-ELE-LED-FFL-CHA-10W; no exact live official manufacturer asset verified.,Keep pending until official manufacturer image is supplied.
ELE-BUL-E27-3W-BLUE,PCS,pending,pending,yes,unresolved,unresolved,needs_permission,Reverified pending: fail-closed upheld for ELE-BUL-E27-3W-BLUE; no exact live official manufacturer asset verified.,Keep pending until official manufacturer image is supplied.
ELE-HOL-TC818-E27,PCS,pending,pending,yes,unresolved,unresolved,needs_permission,Reverified pending: fail-closed upheld for ELE-HOL-TC818-E27; no exact live official manufacturer asset verified.,Keep pending until official manufacturer image is supplied.
FAN-WAL-KHI-FW1660TH,SET,pending,pending,yes,unresolved,unresolved,needs_permission,Reverified pending: fail-closed upheld for FAN-WAL-KHI-FW1660TH; no exact live official manufacturer asset verified.,Keep pending until official manufacturer image is supplied.
KHI-POT-AP550,SET,pending,pending,yes,unresolved,unresolved,needs_permission,Reverified pending: fail-closed upheld for KHI-POT-AP550; no exact live official manufacturer asset verified.,Keep pending until official manufacturer image is supplied.
RAINBOW-G888-250GM,BTL,pending,pending,yes,unresolved,unresolved,needs_permission,Reverified pending: fail-closed upheld for RAINBOW-G888-250GM; no exact live official manufacturer asset verified.,Keep pending until official manufacturer image is supplied.
TAP-SAN-SWP-B-3203-RG,PCS,candidate,candidate,yes,yes,yes,needs_permission,Reverified candidate: live official product page and exact image asset confirmed for TAP-SAN-SWP-B-3203-RG; exact model and finish matched; rights marked needs_permission.,Preserve verified official asset for evidence manifest; publication permission remains required.
TAP-SAN-SWP-SS-3391,PCS,pending,pending,yes,unresolved,unresolved,needs_permission,Reverified pending: fail-closed upheld for TAP-SAN-SWP-SS-3391; no exact live official manufacturer asset verified.,Keep pending until official manufacturer image is supplied.
SPR-BID-SWP-SS-304-6875A,PCS,pending,pending,yes,unresolved,unresolved,needs_permission,Reverified pending: fail-closed upheld for SPR-BID-SWP-SS-304-6875A; no exact live official manufacturer asset verified.,Keep pending until official manufacturer image is supplied.
SPR-BID-SWSB-ABS-362,PCS,pending,pending,yes,unresolved,unresolved,needs_permission,Reverified pending: fail-closed upheld for SPR-BID-SWSB-ABS-362; no exact live official manufacturer asset verified.,Keep pending until official manufacturer image is supplied.
BATH-SRTBF31417,PCS,pending,pending,yes,unresolved,unresolved,needs_permission,Reverified pending: fail-closed upheld for BATH-SRTBF31417; no exact live official manufacturer asset verified.,Keep pending until official manufacturer image is supplied.
ELE-D/L-MEG-FE2155D-18W-3000K,PCS,pending,pending,yes,unresolved,unresolved,needs_permission,Reverified pending: fail-closed upheld for ELE-D/L-MEG-FE2155D-18W-3000K; no exact live official manufacturer asset verified.,Keep pending until official manufacturer image is supplied.
FAN-CEI-DEKA-CF5DC46MB12,UNIT,pending,pending,yes,unresolved,unresolved,needs_permission,Reverified pending: fail-closed upheld for FAN-CEI-DEKA-CF5DC46MB12; no exact live official manufacturer asset verified.,Keep pending until official manufacturer image is supplied.
X-RUB-TRB08-006,UNIT,pending,pending,yes,unresolved,unresolved,needs_permission,Reverified pending: fail-closed upheld for X-RUB-TRB08-006; no exact live official manufacturer asset verified.,Keep pending until official manufacturer image is supplied.
ELE-BUL-B22-3W-BLU,PCS,pending,pending,yes,unresolved,unresolved,needs_permission,Reverified pending: fail-closed upheld for ELE-BUL-B22-3W-BLU; no exact live official manufacturer asset verified.,Keep pending until official manufacturer image is supplied.
STA-HAM-SBD715D2K,UNIT,pending,pending,yes,unresolved,unresolved,needs_permission,Reverified pending: fail-closed upheld for STA-HAM-SBD715D2K; no exact live official manufacturer asset verified.,Keep pending until official manufacturer image is supplied.
BOS-0601-227-1L2,UNIT,pending,pending,yes,unresolved,unresolved,needs_permission,Reverified pending: fail-closed upheld for BOS-0601-227-1L2; no exact live official manufacturer asset verified.,Keep pending until official manufacturer image is supplied.
GAS-STO-KHI-GC7125,SET,pending,pending,yes,unresolved,unresolved,needs_permission,Reverified pending: fail-closed upheld for GAS-STO-KHI-GC7125; no exact live official manufacturer asset verified.,Keep pending until official manufacturer image is supplied.
SHO-SOR-SRTWT9600HP,PCS,candidate,candidate,yes,yes,yes,needs_permission,Reverified candidate: live official product page and exact image asset confirmed for SHO-SOR-SRTWT9600HP; exact model and finish matched; rights marked needs_permission.,Preserve verified official asset for evidence manifest; publication permission remains required.
LOC-YALE-Y120B-50-KA5,SET,pending,pending,yes,unresolved,unresolved,needs_permission,Reverified pending: fail-closed upheld for LOC-YALE-Y120B-50-KA5; no exact live official manufacturer asset verified.,Keep pending until official manufacturer image is supplied.
SHO-SOR-SRTSS8730,PCS,pending,pending,yes,unresolved,unresolved,needs_permission,Reverified pending: fail-closed upheld for SHO-SOR-SRTSS8730; no exact live official manufacturer asset verified.,Keep pending until official manufacturer image is supplied.
ELE-BUL-E27-3W-GREEN,PCS,pending,pending,yes,unresolved,unresolved,needs_permission,Reverified pending: fail-closed upheld for ELE-BUL-E27-3W-GREEN; no exact live official manufacturer asset verified.,Keep pending until official manufacturer image is supplied.
KHI-INF-COO-IRC2000,SET,pending,pending,yes,unresolved,unresolved,needs_permission,Reverified pending: fail-closed upheld for KHI-INF-COO-IRC2000; no exact live official manufacturer asset verified.,Keep pending until official manufacturer image is supplied.
STA-DRI-BRU-SBD710D2K,UNIT,pending,pending,yes,unresolved,unresolved,needs_permission,Reverified pending: fail-closed upheld for STA-DRI-BRU-SBD710D2K; no exact live official manufacturer asset verified.,Keep pending until official manufacturer image is supplied.
ELE-BUL-B22-3W-GRE,PCS,pending,pending,yes,unresolved,unresolved,needs_permission,Reverified pending: fail-closed upheld for ELE-BUL-B22-3W-GRE; no exact live official manufacturer asset verified.,Keep pending until official manufacturer image is supplied.
ELE-D/L-MEG-FE2155D-18W,PCS,pending,pending,yes,unresolved,unresolved,needs_permission,Reverified pending: fail-closed upheld for ELE-D/L-MEG-FE2155D-18W; no exact live official manufacturer asset verified.,Keep pending until official manufacturer image is supplied.
NIP-MAT-W9102-18L,DRUM,pending,pending,yes,unresolved,unresolved,needs_permission,Reverified pending: fail-closed upheld for NIP-MAT-W9102-18L; no exact live official manufacturer asset verified.,Keep pending until official manufacturer image is supplied.
STA-GRI-SCG400-SET,UNIT,pending,pending,yes,unresolved,unresolved,needs_permission,Reverified pending: fail-closed upheld for STA-GRI-SCG400-SET; no exact live official manufacturer asset verified.,Keep pending until official manufacturer image is supplied.
STA-PRE-WAS-BEPW1800T,UNIT,pending,pending,yes,unresolved,unresolved,needs_permission,Reverified pending: fail-closed upheld for STA-PRE-WAS-BEPW1800T; no exact live official manufacturer asset verified.,Keep pending until official manufacturer image is supplied.
TAP-SAN-SWP-SS-304-106,PCS,pending,pending,yes,unresolved,unresolved,needs_permission,Reverified pending: fail-closed upheld for TAP-SAN-SWP-SS-304-106; no exact live official manufacturer asset verified.,Keep pending until official manufacturer image is supplied.
ELE-D/L-MEG-YTA60Z1-10W,PCS,pending,pending,yes,unresolved,unresolved,needs_permission,Reverified pending: fail-closed upheld for ELE-D/L-MEG-YTA60Z1-10W; no exact live official manufacturer asset verified.,Keep pending until official manufacturer image is supplied.
BOS-0601-9H9-0L2C2,SET,pending,pending,yes,unresolved,unresolved,needs_permission,Reverified pending: fail-closed upheld for BOS-0601-9H9-0L2C2; no exact live official manufacturer asset verified.,Keep pending until official manufacturer image is supplied.
ELE-CAB-WIR-MKK-1.5MM-BLACK,ROLL,pending,pending,yes,unresolved,unresolved,needs_permission,Reverified pending: fail-closed upheld for ELE-CAB-WIR-MKK-1.5MM-BLACK; no exact live official manufacturer asset verified.,Keep pending until official manufacturer image is supplied.
GAS-STO-KHI-GS1516,SET,pending,pending,yes,unresolved,unresolved,needs_permission,Reverified pending: fail-closed upheld for GAS-STO-KHI-GS1516; no exact live official manufacturer asset verified.,Keep pending until official manufacturer image is supplied.
ELE-D/L-MEG-YTP38B1-10W,PCS,pending,pending,yes,unresolved,unresolved,needs_permission,Reverified pending: fail-closed upheld for ELE-D/L-MEG-YTP38B1-10W; no exact live official manufacturer asset verified.,Keep pending until official manufacturer image is supplied.
ELE-D/L-TC-3260-32W-RND-4000K,PCS,pending,pending,yes,unresolved,unresolved,needs_permission,Reverified pending: fail-closed upheld for ELE-D/L-TC-3260-32W-RND-4000K; no exact live official manufacturer asset verified.,Keep pending until official manufacturer image is supplied.
KHI-COO-RC918T,SET,pending,pending,yes,unresolved,unresolved,needs_permission,Reverified pending: fail-closed upheld for KHI-COO-RC918T; no exact live official manufacturer asset verified.,Keep pending until official manufacturer image is supplied.
NIP-SEA-5100-20L,DRUM,pending,pending,yes,unresolved,unresolved,needs_permission,Reverified pending: fail-closed upheld for NIP-SEA-5100-20L; no exact live official manufacturer asset verified.,Keep pending until official manufacturer image is supplied.
X-STA-PLANER-STP18-1800W,UNIT,pending,pending,yes,unresolved,unresolved,needs_permission,Reverified pending: fail-closed upheld for X-STA-PLANER-STP18-1800W; no exact live official manufacturer asset verified.,Keep pending until official manufacturer image is supplied.
BOS-0600-910-0L0SH,UNIT,pending,pending,yes,unresolved,unresolved,needs_permission,Reverified pending: fail-closed upheld for BOS-0600-910-0L0SH; no exact live official manufacturer asset verified.,Keep pending until official manufacturer image is supplied.
FAN-KHI-AF1801,SET,pending,pending,yes,unresolved,unresolved,needs_permission,Reverified pending: fail-closed upheld for FAN-KHI-AF1801; no exact live official manufacturer asset verified.,Keep pending until official manufacturer image is supplied.
FAN-WAL-TAICON-TC-11006,SET,pending,pending,yes,unresolved,unresolved,needs_permission,Reverified pending: fail-closed upheld for FAN-WAL-TAICON-TC-11006; no exact live official manufacturer asset verified.,Keep pending until official manufacturer image is supplied.
KHI-COO-RCJ188,SET,pending,pending,yes,unresolved,unresolved,needs_permission,Reverified pending: fail-closed upheld for KHI-COO-RCJ188; no exact live official manufacturer asset verified.,Keep pending until official manufacturer image is supplied.
BOS-2608-619-701,PCS,pending,pending,yes,unresolved,unresolved,needs_permission,Reverified pending: fail-closed upheld for BOS-2608-619-701; no exact live official manufacturer asset verified.,Keep pending until official manufacturer image is supplied.
NIP-MAT-15245-18L,DRUM,pending,pending,yes,unresolved,unresolved,needs_permission,Reverified pending: fail-closed upheld for NIP-MAT-15245-18L; no exact live official manufacturer asset verified.,Keep pending until official manufacturer image is supplied.
NIP-SAT-GLO-18L-145,CAN,pending,pending,yes,unresolved,unresolved,needs_permission,Reverified pending: fail-closed upheld for NIP-SAT-GLO-18L-145; no exact live official manufacturer asset verified.,Keep pending until official manufacturer image is supplied.
PSN-MJ-CS100WSK,PCS,pending,pending,yes,unresolved,unresolved,needs_permission,Reverified pending: fail-closed upheld for PSN-MJ-CS100WSK; no exact live official manufacturer asset verified.,Keep pending until official manufacturer image is supplied.
STA-IMP-DRI-STDH7213V,UNIT,pending,pending,yes,unresolved,unresolved,needs_permission,Reverified pending: fail-closed upheld for STA-IMP-DRI-STDH7213V; no exact live official manufacturer asset verified.,Keep pending until official manufacturer image is supplied.
TAP-SAN-SWP-SS-304-3936-SS,PCS,pending,pending,yes,unresolved,unresolved,needs_permission,Reverified pending: fail-closed upheld for TAP-SAN-SWP-SS-304-3936-SS; no exact live official manufacturer asset verified.,Keep pending until official manufacturer image is supplied.
ELE-D/L-MEG-YTA70Z1-15W,PCS,pending,pending,yes,unresolved,unresolved,needs_permission,Reverified pending: fail-closed upheld for ELE-D/L-MEG-YTA70Z1-15W; no exact live official manufacturer asset verified.,Keep pending until official manufacturer image is supplied.
ELE-D/L-MEG-YTP38B1-10W-4000K,PCS,pending,pending,yes,unresolved,unresolved,needs_permission,Reverified pending: fail-closed upheld for ELE-D/L-MEG-YTP38B1-10W-4000K; no exact live official manufacturer asset verified.,Keep pending until official manufacturer image is supplied.
FAN-CEI-DEKA-CF5DC56MB,UNIT,pending,pending,yes,unresolved,unresolved,needs_permission,Reverified pending: fail-closed upheld for FAN-CEI-DEKA-CF5DC56MB; no exact live official manufacturer asset verified.,Keep pending until official manufacturer image is supplied.
TAP-SAN-SWP-B-304-3915,PCS,pending,pending,yes,unresolved,unresolved,needs_permission,Reverified pending: fail-closed upheld for TAP-SAN-SWP-B-304-3915; no exact live official manufacturer asset verified.,Keep pending until official manufacturer image is supplied.
FAN-CEI-DEKA-CGNL54OAK12,UNIT,pending,pending,yes,unresolved,unresolved,needs_permission,Reverified pending: fail-closed upheld for FAN-CEI-DEKA-CGNL54OAK12; no exact live official manufacturer asset verified.,Keep pending until official manufacturer image is supplied.
JOV-WAT-FIL-JWP20,PCS,pending,pending,yes,unresolved,unresolved,needs_permission,Reverified pending: fail-closed upheld for JOV-WAT-FIL-JWP20; no exact live official manufacturer asset verified.,Keep pending until official manufacturer image is supplied.
STA-PRE-WAS-BEPW1750,UNIT,pending,pending,yes,unresolved,unresolved,needs_permission,Reverified pending: fail-closed upheld for STA-PRE-WAS-BEPW1750; no exact live official manufacturer asset verified.,Keep pending until official manufacturer image is supplied.
BOS-AHI4-4PC-R,UNIT,pending,pending,yes,unresolved,unresolved,needs_permission,Reverified pending: fail-closed upheld for BOS-AHI4-4PC-R; no exact live official manufacturer asset verified.,Keep pending until official manufacturer image is supplied.
BOS-AJS37PC,UNIT,pending,pending,yes,unresolved,unresolved,needs_permission,Reverified pending: fail-closed upheld for BOS-AJS37PC; no exact live official manufacturer asset verified.,Keep pending until official manufacturer image is supplied.
ELE-D/L-TC-2260-22W,PCS,pending,pending,yes,unresolved,unresolved,needs_permission,Reverified pending: fail-closed upheld for ELE-D/L-TC-2260-22W; no exact live official manufacturer asset verified.,Keep pending until official manufacturer image is supplied.
"EXH-FAN-KHI-12""-WHI-EF1201",SET,pending,pending,yes,unresolved,unresolved,needs_permission,"Reverified pending: fail-closed upheld for EXH-FAN-KHI-12""-WHI-EF1201; no exact live official manufacturer asset verified.",Keep pending until official manufacturer image is supplied.
BOS-0601-9K3-1L2,UNIT,pending,pending,yes,unresolved,unresolved,needs_permission,Reverified pending: fail-closed upheld for BOS-0601-9K3-1L2; no exact live official manufacturer asset verified.,Keep pending until official manufacturer image is supplied.
BOS-2608-522-405,PCS,pending,pending,yes,unresolved,unresolved,needs_permission,Reverified pending: fail-closed upheld for BOS-2608-522-405; no exact live official manufacturer asset verified.,Keep pending until official manufacturer image is supplied.
ELE-CAB-WIR-MKK-2.5MM-YEL,ROLL,pending,pending,yes,unresolved,unresolved,needs_permission,Reverified pending: fail-closed upheld for ELE-CAB-WIR-MKK-2.5MM-YEL; no exact live official manufacturer asset verified.,Keep pending until official manufacturer image is supplied.
ELE-D/L-MEG-YTP45B1-15W-3000K,PCS,pending,pending,yes,unresolved,unresolved,needs_permission,Reverified pending: fail-closed upheld for ELE-D/L-MEG-YTP45B1-15W-3000K; no exact live official manufacturer asset verified.,Keep pending until official manufacturer image is supplied.
ELE-D/L-MEG-YTP45Z1-15W-4000K,PCS,pending,pending,yes,unresolved,unresolved,needs_permission,Reverified pending: fail-closed upheld for ELE-D/L-MEG-YTP45Z1-15W-4000K; no exact live official manufacturer asset verified.,Keep pending until official manufacturer image is supplied.
STA-PRE-WAS-HD4,UNIT,pending,pending,yes,unresolved,unresolved,needs_permission,Reverified pending: fail-closed upheld for STA-PRE-WAS-HD4; no exact live official manufacturer asset verified.,Keep pending until official manufacturer image is supplied.
STA-SAW-SCR121S2K,UNIT,pending,pending,yes,unresolved,unresolved,needs_permission,Reverified pending: fail-closed upheld for STA-SAW-SCR121S2K; no exact live official manufacturer asset verified.,Keep pending until official manufacturer image is supplied.
FAN-TAB-KHI-TF1210SE-LAV,SET,pending,pending,yes,unresolved,unresolved,needs_permission,Reverified pending: fail-closed upheld for FAN-TAB-KHI-TF1210SE-LAV; no exact live official manufacturer asset verified.,Keep pending until official manufacturer image is supplied.
BOS-0611-321-0L0,UNIT,pending,pending,yes,unresolved,unresolved,needs_permission,Reverified pending: fail-closed upheld for BOS-0611-321-0L0; no exact live official manufacturer asset verified.,Keep pending until official manufacturer image is supplied.
ELE-CAB-WIR-MKK-2.5MM-GRE,ROLL,pending,pending,yes,unresolved,unresolved,needs_permission,Reverified pending: fail-closed upheld for ELE-CAB-WIR-MKK-2.5MM-GRE; no exact live official manufacturer asset verified.,Keep pending until official manufacturer image is supplied.
ELE-D/L-MEG-YTP45Z1-15W-3000K,PCS,pending,pending,yes,unresolved,unresolved,needs_permission,Reverified pending: fail-closed upheld for ELE-D/L-MEG-YTP45Z1-15W-3000K; no exact live official manufacturer asset verified.,Keep pending until official manufacturer image is supplied.
FAN-WAL-TAICON-TC-11007,SET,pending,pending,yes,unresolved,unresolved,needs_permission,Reverified pending: fail-closed upheld for FAN-WAL-TAICON-TC-11007; no exact live official manufacturer asset verified.,Keep pending until official manufacturer image is supplied.
BOS-0601-1A2-1L0,UNIT,pending,pending,yes,unresolved,unresolved,needs_permission,Reverified pending: fail-closed upheld for BOS-0601-1A2-1L0; no exact live official manufacturer asset verified.,Keep pending until official manufacturer image is supplied.
BOS-0601-9N9-0L0C1,SET,pending,pending,yes,unresolved,unresolved,needs_permission,Reverified pending: fail-closed upheld for BOS-0601-9N9-0L0C1; no exact live official manufacturer asset verified.,Keep pending until official manufacturer image is supplied.
ELE-D/L-MEG-YTP38B1-10W-3000K,PCS,pending,pending,yes,unresolved,unresolved,needs_permission,Reverified pending: fail-closed upheld for ELE-D/L-MEG-YTP38B1-10W-3000K; no exact live official manufacturer asset verified.,Keep pending until official manufacturer image is supplied.
ELE-D/L-TC-3260-32W-RND,PCS,pending,pending,yes,unresolved,unresolved,needs_permission,Reverified pending: fail-closed upheld for ELE-D/L-TC-3260-32W-RND; no exact live official manufacturer asset verified.,Keep pending until official manufacturer image is supplied.
BOS-AHI2-4PC,UNIT,pending,pending,yes,unresolved,unresolved,needs_permission,Reverified pending: fail-closed upheld for BOS-AHI2-4PC; no exact live official manufacturer asset verified.,Keep pending until official manufacturer image is supplied.
KHI-FRY-ARF35,SET,pending,pending,yes,unresolved,unresolved,needs_permission,Reverified pending: fail-closed upheld for KHI-FRY-ARF35; no exact live official manufacturer asset verified.,Keep pending until official manufacturer image is supplied.
STA-DRI-SCD10D2K,UNIT,pending,pending,yes,unresolved,unresolved,needs_permission,Reverified pending: fail-closed upheld for STA-DRI-SCD10D2K; no exact live official manufacturer asset verified.,Keep pending until official manufacturer image is supplied.
BOS-0601-9F7-0L0,UNIT,pending,pending,yes,unresolved,unresolved,needs_permission,Reverified pending: fail-closed upheld for BOS-0601-9F7-0L0; no exact live official manufacturer asset verified.,Keep pending until official manufacturer image is supplied.
BOS-0611-924-0L1,UNIT,pending,pending,yes,unresolved,unresolved,needs_permission,Reverified pending: fail-closed upheld for BOS-0611-924-0L1; no exact live official manufacturer asset verified.,Keep pending until official manufacturer image is supplied.
ELE-D/L-MEG-YTA60Z1-10W-4000K,PCS,pending,pending,yes,unresolved,unresolved,needs_permission,Reverified pending: fail-closed upheld for ELE-D/L-MEG-YTA60Z1-10W-4000K; no exact live official manufacturer asset verified.,Keep pending until official manufacturer image is supplied.
ELE-D/L-MEG-YTA70Z1-15W-4000K,PCS,pending,pending,yes,unresolved,unresolved,needs_permission,Reverified pending: fail-closed upheld for ELE-D/L-MEG-YTA70Z1-15W-4000K; no exact live official manufacturer asset verified.,Keep pending until official manufacturer image is supplied.
ELE-D/L-TC-2261-32W-SQ,PCS,pending,pending,yes,unresolved,unresolved,needs_permission,Reverified pending: fail-closed upheld for ELE-D/L-TC-2261-32W-SQ; no exact live official manufacturer asset verified.,Keep pending until official manufacturer image is supplied.
KHI-COO-RC828N,SET,pending,pending,yes,unresolved,unresolved,needs_permission,Reverified pending: fail-closed upheld for KHI-COO-RC828N; no exact live official manufacturer asset verified.,Keep pending until official manufacturer image is supplied.
BOS-0601-9K0-0L0,UNITS,pending,pending,yes,unresolved,unresolved,needs_permission,Reverified pending: fail-closed upheld for BOS-0601-9K0-0L0; no exact live official manufacturer asset verified.,Keep pending until official manufacturer image is supplied.
ELE-D/L-MEG-YTP45B1-15W-4000K,PCS,pending,pending,yes,unresolved,unresolved,needs_permission,Reverified pending: fail-closed upheld for ELE-D/L-MEG-YTP45B1-15W-4000K; no exact live official manufacturer asset verified.,Keep pending until official manufacturer image is supplied.
"EXH-FAN-KHI-08""-WHI-EF8001",SET,pending,pending,yes,unresolved,unresolved,needs_permission,"Reverified pending: fail-closed upheld for EXH-FAN-KHI-08""-WHI-EF8001; no exact live official manufacturer asset verified.",Keep pending until official manufacturer image is supplied.
GAS-COO-TC-2288-PGC,SET,pending,pending,yes,unresolved,unresolved,needs_permission,Reverified pending: fail-closed upheld for GAS-COO-TC-2288-PGC; no exact live official manufacturer asset verified.,Keep pending until official manufacturer image is supplied.
BOS-0601-228-1L2,UNIT,pending,pending,yes,unresolved,unresolved,needs_permission,Reverified pending: fail-closed upheld for BOS-0601-228-1L2; no exact live official manufacturer asset verified.,Keep pending until official manufacturer image is supplied.
BOS-0601-9G8-1L7,UNIT,pending,pending,yes,unresolved,unresolved,needs_permission,Reverified pending: fail-closed upheld for BOS-0601-9G8-1L7; no exact live official manufacturer asset verified.,Keep pending until official manufacturer image is supplied.
BOS-2608-522-406,PCS,pending,pending,yes,unresolved,unresolved,needs_permission,Reverified pending: fail-closed upheld for BOS-2608-522-406; no exact live official manufacturer asset verified.,Keep pending until official manufacturer image is supplied.
BOS-2608-522-407,PCS,pending,pending,yes,unresolved,unresolved,needs_permission,Reverified pending: fail-closed upheld for BOS-2608-522-407; no exact live official manufacturer asset verified.,Keep pending until official manufacturer image is supplied.
ELE-D/L-MEG-YTA65Z2-12W,PCS,pending,pending,yes,unresolved,unresolved,needs_permission,Reverified pending: fail-closed upheld for ELE-D/L-MEG-YTA65Z2-12W; no exact live official manufacturer asset verified.,Keep pending until official manufacturer image is supplied.
BOS-0601-9G8-0L4,UNIT,pending,pending,yes,unresolved,unresolved,needs_permission,Reverified pending: fail-closed upheld for BOS-0601-9G8-0L4; no exact live official manufacturer asset verified.,Keep pending until official manufacturer image is supplied.
ELE-BUL-B22-3W-YEL,PCS,pending,pending,yes,unresolved,unresolved,needs_permission,Reverified pending: fail-closed upheld for ELE-BUL-B22-3W-YEL; no exact live official manufacturer asset verified.,Keep pending until official manufacturer image is supplied.
CHA-SAW-STIHL-MS172,UNIT,pending,pending,yes,unresolved,unresolved,needs_permission,Reverified pending: fail-closed upheld for CHA-SAW-STIHL-MS172; no exact live official manufacturer asset verified.,Keep pending until official manufacturer image is supplied.
ELE-D/L-MEG-YTA70Z1-15W-3000K,PCS,pending,pending,yes,unresolved,unresolved,needs_permission,Reverified pending: fail-closed upheld for ELE-D/L-MEG-YTA70Z1-15W-3000K; no exact live official manufacturer asset verified.,Keep pending until official manufacturer image is supplied.
KET-PSN-NC-GK1WSK,PCS,pending,pending,yes,unresolved,unresolved,needs_permission,Reverified pending: fail-closed upheld for KET-PSN-NC-GK1WSK; no exact live official manufacturer asset verified.,Keep pending until official manufacturer image is supplied.
RUB-TRT02-SA302,UNIT,pending,pending,yes,unresolved,unresolved,needs_permission,Reverified pending: fail-closed upheld for RUB-TRT02-SA302; no exact live official manufacturer asset verified.,Keep pending until official manufacturer image is supplied.
STA-PRE-WAS-BEPW1600L,UNIT,pending,pending,yes,unresolved,unresolved,needs_permission,Reverified pending: fail-closed upheld for STA-PRE-WAS-BEPW1600L; no exact live official manufacturer asset verified.,Keep pending until official manufacturer image is supplied.
"EXH-FAN-KHI-10""-WHI-EF1001",SET,pending,pending,yes,unresolved,unresolved,needs_permission,"Reverified pending: fail-closed upheld for EXH-FAN-KHI-10""-WHI-EF1001; no exact live official manufacturer asset verified.",Keep pending until official manufacturer image is supplied.
NIP-PHG-1L-A,CAN,pending,pending,yes,unresolved,unresolved,needs_permission,Reverified pending: fail-closed upheld for NIP-PHG-1L-A; no exact live official manufacturer asset verified.,Keep pending until official manufacturer image is supplied.
NIP-PHG-5L-A,CAN,pending,pending,yes,unresolved,unresolved,needs_permission,Reverified pending: fail-closed upheld for NIP-PHG-5L-A; no exact live official manufacturer asset verified.,Keep pending until official manufacturer image is supplied.
BOS-0601-068-000,UNIT,pending,pending,yes,unresolved,unresolved,needs_permission,Reverified pending: fail-closed upheld for BOS-0601-068-000; no exact live official manufacturer asset verified.,Keep pending until official manufacturer image is supplied.
CHA-SAW-STIHL-MS162,UNIT,pending,pending,yes,unresolved,unresolved,needs_permission,Reverified pending: fail-closed upheld for CHA-SAW-STIHL-MS162; no exact live official manufacturer asset verified.,Keep pending until official manufacturer image is supplied.
KHI-COO-RC806N,SET,pending,pending,yes,unresolved,unresolved,needs_permission,Reverified pending: fail-closed upheld for KHI-COO-RC806N; no exact live official manufacturer asset verified.,Keep pending until official manufacturer image is supplied.
KHI-TOA-BT808,SET,pending,pending,yes,unresolved,unresolved,needs_permission,Reverified pending: fail-closed upheld for KHI-TOA-BT808; no exact live official manufacturer asset verified.,Keep pending until official manufacturer image is supplied.
STA-PRE-WAS-BCPC20D1,UNIT,pending,pending,yes,unresolved,unresolved,needs_permission,Reverified pending: fail-closed upheld for STA-PRE-WAS-BCPC20D1; no exact live official manufacturer asset verified.,Keep pending until official manufacturer image is supplied.
STI-BRU-CUT-FR3001,UNIT,pending,pending,yes,unresolved,unresolved,needs_permission,Reverified pending: fail-closed upheld for STI-BRU-CUT-FR3001; no exact live official manufacturer asset verified.,Keep pending until official manufacturer image is supplied.
BOS-AQSD110F,UNIT,pending,pending,yes,unresolved,unresolved,needs_permission,Reverified pending: fail-closed upheld for BOS-AQSD110F; no exact live official manufacturer asset verified.,Keep pending until official manufacturer image is supplied.
NIP-PHG-1L-P,CAN,pending,pending,yes,unresolved,unresolved,needs_permission,Reverified pending: fail-closed upheld for NIP-PHG-1L-P; no exact live official manufacturer asset verified.,Keep pending until official manufacturer image is supplied.
PSN-TK-CS10-WMA,PCS,pending,pending,yes,unresolved,unresolved,needs_permission,Reverified pending: fail-closed upheld for PSN-TK-CS10-WMA; no exact live official manufacturer asset verified.,Keep pending until official manufacturer image is supplied.
STA-CHO-SSC22,UNIT,pending,pending,yes,unresolved,unresolved,needs_permission,Reverified pending: fail-closed upheld for STA-CHO-SSC22; no exact live official manufacturer asset verified.,Keep pending until official manufacturer image is supplied.
BOS-0601-9K3-1L2C1,SET,pending,pending,yes,unresolved,unresolved,needs_permission,Reverified pending: fail-closed upheld for BOS-0601-9K3-1L2C1; no exact live official manufacturer asset verified.,Keep pending until official manufacturer image is supplied.
NIP-PHG-5L-P,CAN,pending,pending,yes,unresolved,unresolved,needs_permission,Reverified pending: fail-closed upheld for NIP-PHG-5L-P; no exact live official manufacturer asset verified.,Keep pending until official manufacturer image is supplied.
OVEN-KHI-TOA-OT3005,SET,pending,pending,yes,unresolved,unresolved,needs_permission,Reverified pending: fail-closed upheld for OVEN-KHI-TOA-OT3005; no exact live official manufacturer asset verified.,Keep pending until official manufacturer image is supplied.
PAI-SPR-SAM-2K01,PCS,pending,pending,yes,unresolved,unresolved,needs_permission,Reverified pending: fail-closed upheld for PAI-SPR-SAM-2K01; no exact live official manufacturer asset verified.,Keep pending until official manufacturer image is supplied.
NIP-QSH-EXT-20L-P,DRUM,pending,pending,yes,unresolved,unresolved,needs_permission,Reverified pending: fail-closed upheld for NIP-QSH-EXT-20L-P; no exact live official manufacturer asset verified.,Keep pending until official manufacturer image is supplied.
PSN-TK-CS200C-EX,PCS,pending,pending,yes,unresolved,unresolved,needs_permission,Reverified pending: fail-closed upheld for PSN-TK-CS200C-EX; no exact live official manufacturer asset verified.,Keep pending until official manufacturer image is supplied.
STA-TRI-ST55,UNIT,pending,pending,yes,unresolved,unresolved,needs_permission,Reverified pending: fail-closed upheld for STA-TRI-ST55; no exact live official manufacturer asset verified.,Keep pending until official manufacturer image is supplied.
TAP-SAN-SWP-SS-304-3937-MB,PCS,pending,pending,yes,unresolved,unresolved,needs_permission,Reverified pending: fail-closed upheld for TAP-SAN-SWP-SS-304-3937-MB; no exact live official manufacturer asset verified.,Keep pending until official manufacturer image is supplied.
BOS-0611-338-9L1,UNIT,pending,pending,yes,unresolved,unresolved,needs_permission,Reverified pending: fail-closed upheld for BOS-0611-338-9L1; no exact live official manufacturer asset verified.,Keep pending until official manufacturer image is supplied.
ELE-D/L-MEG-YTP38Z1-10W,PCS,pending,pending,yes,unresolved,unresolved,needs_permission,Reverified pending: fail-closed upheld for ELE-D/L-MEG-YTP38Z1-10W; no exact live official manufacturer asset verified.,Keep pending until official manufacturer image is supplied.
X-LOC-YALE-Y120B-50-KA3,SET,pending,pending,yes,unresolved,unresolved,needs_permission,Reverified pending: fail-closed upheld for X-LOC-YALE-Y120B-50-KA3; no exact live official manufacturer asset verified.,Keep pending until official manufacturer image is supplied.
ELE-CAB-WIR-MKK-1.5MM-YELLOW,ROLL,pending,pending,yes,unresolved,unresolved,needs_permission,Reverified pending: fail-closed upheld for ELE-CAB-WIR-MKK-1.5MM-YELLOW; no exact live official manufacturer asset verified.,Keep pending until official manufacturer image is supplied.
NIP-WTRB-5L-P,CAN,pending,pending,yes,unresolved,unresolved,needs_permission,Reverified pending: fail-closed upheld for NIP-WTRB-5L-P; no exact live official manufacturer asset verified.,Keep pending until official manufacturer image is supplied.
STA-POL-SP137,UNIT,pending,pending,yes,unresolved,unresolved,needs_permission,Reverified pending: fail-closed upheld for STA-POL-SP137; no exact live official manufacturer asset verified.,Keep pending until official manufacturer image is supplied.
ELE-D/L-MEG-YTP38Z1-10W-4000K,PCS,pending,pending,yes,unresolved,unresolved,needs_permission,Reverified pending: fail-closed upheld for ELE-D/L-MEG-YTP38Z1-10W-4000K; no exact live official manufacturer asset verified.,Keep pending until official manufacturer image is supplied.
FAN-CEI-DEKA-CCNL54RG12,UNIT,pending,pending,yes,unresolved,unresolved,needs_permission,Reverified pending: fail-closed upheld for FAN-CEI-DEKA-CCNL54RG12; no exact live official manufacturer asset verified.,Keep pending until official manufacturer image is supplied.
FAN-FLO-KHI-FF1803B,SET,pending,pending,yes,unresolved,unresolved,needs_permission,Reverified pending: fail-closed upheld for FAN-FLO-KHI-FF1803B; no exact live official manufacturer asset verified.,Keep pending until official manufacturer image is supplied.
STA-PLA-STEL630,UNIT,pending,pending,yes,unresolved,unresolved,needs_permission,Reverified pending: fail-closed upheld for STA-PLA-STEL630; no exact live official manufacturer asset verified.,Keep pending until official manufacturer image is supplied.
BOS-0601-387-0L0,UNIT,pending,pending,yes,unresolved,unresolved,needs_permission,Reverified pending: fail-closed upheld for BOS-0601-387-0L0; no exact live official manufacturer asset verified.,Keep pending until official manufacturer image is supplied.
ELE-D/L-MEG-YTG45Z1-5W,PCS,pending,pending,yes,unresolved,unresolved,needs_permission,Reverified pending: fail-closed upheld for ELE-D/L-MEG-YTG45Z1-5W; no exact live official manufacturer asset verified.,Keep pending until official manufacturer image is supplied.
NIP-SEA-5170-20L,DRUM,pending,pending,yes,unresolved,unresolved,needs_permission,Reverified pending: fail-closed upheld for NIP-SEA-5170-20L; no exact live official manufacturer asset verified.,Keep pending until official manufacturer image is supplied.
NIP-VIN-EAS-15L-A,DRUM,pending,pending,yes,unresolved,unresolved,needs_permission,Reverified pending: fail-closed upheld for NIP-VIN-EAS-15L-A; no exact live official manufacturer asset verified.,Keep pending until official manufacturer image is supplied.
TAP-SAN-SWS-304-3964,PCS,pending,pending,yes,unresolved,unresolved,needs_permission,Reverified pending: fail-closed upheld for TAP-SAN-SWS-304-3964; no exact live official manufacturer asset verified.,Keep pending until official manufacturer image is supplied.
JUG-KHI-KET-EK5813,SET,pending,pending,yes,unresolved,unresolved,needs_permission,Reverified pending: fail-closed upheld for JUG-KHI-KET-EK5813; no exact live official manufacturer asset verified.,Keep pending until official manufacturer image is supplied.
NIP-PHG-5L-MBLK,CAN,pending,pending,yes,unresolved,unresolved,needs_permission,Reverified pending: fail-closed upheld for NIP-PHG-5L-MBLK; no exact live official manufacturer asset verified.,Keep pending until official manufacturer image is supplied.
NIP-SAT-GLO-5L-145,CAN,pending,pending,yes,unresolved,unresolved,needs_permission,Reverified pending: fail-closed upheld for NIP-SAT-GLO-5L-145; no exact live official manufacturer asset verified.,Keep pending until official manufacturer image is supplied.
NIP-WTRB-18L-A,DRUM,pending,pending,yes,unresolved,unresolved,needs_permission,Reverified pending: fail-closed upheld for NIP-WTRB-18L-A; no exact live official manufacturer asset verified.,Keep pending until official manufacturer image is supplied.
NIP-WTRB-18L-T,DRUM,pending,pending,yes,unresolved,unresolved,needs_permission,Reverified pending: fail-closed upheld for NIP-WTRB-18L-T; no exact live official manufacturer asset verified.,Keep pending until official manufacturer image is supplied.
TAP-SAN-SWP-SS-304-3938-MB,PCS,pending,pending,yes,unresolved,unresolved,needs_permission,Reverified pending: fail-closed upheld for TAP-SAN-SWP-SS-304-3938-MB; no exact live official manufacturer asset verified.,Keep pending until official manufacturer image is supplied.
"HOS-FLE-GLO-60""",PCS,pending,pending,yes,unresolved,unresolved,needs_permission,"Reverified pending: fail-closed upheld for HOS-FLE-GLO-60""; no exact live official manufacturer asset verified.",Keep pending until official manufacturer image is supplied.
NIP-PHG-5L-D,CAN,pending,pending,yes,unresolved,unresolved,needs_permission,Reverified pending: fail-closed upheld for NIP-PHG-5L-D; no exact live official manufacturer asset verified.,Keep pending until official manufacturer image is supplied.
BOS-0601-9K3-0L2,UNIT,pending,pending,yes,unresolved,unresolved,needs_permission,Reverified pending: fail-closed upheld for BOS-0601-9K3-0L2; no exact live official manufacturer asset verified.,Keep pending until official manufacturer image is supplied.
CHA-SAW-STIHL-MS230,UNIT,pending,pending,yes,unresolved,unresolved,needs_permission,Reverified pending: fail-closed upheld for CHA-SAW-STIHL-MS230; no exact live official manufacturer asset verified.,Keep pending until official manufacturer image is supplied.
FAN-CEI-DEKA-CX156BK12,UNIT,pending,pending,yes,unresolved,unresolved,needs_permission,Reverified pending: fail-closed upheld for FAN-CEI-DEKA-CX156BK12; no exact live official manufacturer asset verified.,Keep pending until official manufacturer image is supplied.
BOS-0600-8A7-FLO,UNIT,pending,pending,yes,unresolved,unresolved,needs_permission,Reverified pending: fail-closed upheld for BOS-0600-8A7-FLO; no exact live official manufacturer asset verified.,Keep pending until official manufacturer image is supplied.
BOS-0601-375-6L0,UNIT,pending,pending,yes,unresolved,unresolved,needs_permission,Reverified pending: fail-closed upheld for BOS-0601-375-6L0; no exact live official manufacturer asset verified.,Keep pending until official manufacturer image is supplied.
STA-HAM-BRU-SBH900M2K,UNIT,pending,pending,yes,unresolved,unresolved,needs_permission,Reverified pending: fail-closed upheld for STA-HAM-BRU-SBH900M2K; no exact live official manufacturer asset verified.,Keep pending until official manufacturer image is supplied.
ELE-FAJAR-FLX-2.5MM-GREY,COIL,pending,pending,yes,unresolved,unresolved,needs_permission,Reverified pending: fail-closed upheld for ELE-FAJAR-FLX-2.5MM-GREY; no exact live official manufacturer asset verified.,Keep pending until official manufacturer image is supplied.
ELE-CAB-FLE-P40163CW-ROLL,ROLL,pending,pending,yes,unresolved,unresolved,needs_permission,Reverified pending: fail-closed upheld for ELE-CAB-FLE-P40163CW-ROLL; no exact live official manufacturer asset verified.,Keep pending until official manufacturer image is supplied.
TAR-SHT-GT2-O/B-6',COIL,pending,pending,yes,unresolved,unresolved,needs_permission,Reverified pending: fail-closed upheld for TAR-SHT-GT2-O/B-6'; no exact live official manufacturer asset verified.,Keep pending until official manufacturer image is supplied.
NIP-ROOF-20L-T,UNIT,pending,pending,yes,unresolved,unresolved,needs_permission,Reverified pending: fail-closed upheld for NIP-ROOF-20L-T; no exact live official manufacturer asset verified.,Keep pending until official manufacturer image is supplied.
BOS-0611-338-5L0,UNIT,pending,pending,yes,unresolved,unresolved,needs_permission,Reverified pending: fail-closed upheld for BOS-0611-338-5L0; no exact live official manufacturer asset verified.,Keep pending until official manufacturer image is supplied.
BOS-0611-272-1L4,UNIT,pending,pending,yes,unresolved,unresolved,needs_permission,Reverified pending: fail-closed upheld for BOS-0611-272-1L4; no exact live official manufacturer asset verified.,Keep pending until official manufacturer image is supplied.
NIP-WTRB-18L-WHITE,CAN,pending,pending,yes,unresolved,unresolved,needs_permission,Reverified pending: fail-closed upheld for NIP-WTRB-18L-WHITE; no exact live official manufacturer asset verified.,Keep pending until official manufacturer image is supplied.
BOS-0600-8A7-AL0,UNIT,pending,pending,yes,unresolved,unresolved,needs_permission,Reverified pending: fail-closed upheld for BOS-0600-8A7-AL0; no exact live official manufacturer asset verified.,Keep pending until official manufacturer image is supplied.
NIP-WTRB-WHI-15004,CAN,pending,pending,yes,unresolved,unresolved,needs_permission,Reverified pending: fail-closed upheld for NIP-WTRB-WHI-15004; no exact live official manufacturer asset verified.,Keep pending until official manufacturer image is supplied.
NIP-WTRB-5L-WHITE,CAN,pending,pending,yes,unresolved,unresolved,needs_permission,Reverified pending: fail-closed upheld for NIP-WTRB-5L-WHITE; no exact live official manufacturer asset verified.,Keep pending until official manufacturer image is supplied.
BOS-0601-6A0-0L0,UNIT,pending,pending,yes,unresolved,unresolved,needs_permission,Reverified pending: fail-closed upheld for BOS-0601-6A0-0L0; no exact live official manufacturer asset verified.,Keep pending until official manufacturer image is supplied.
STA-HIGH-PRE-WAS-K2,UNIT,pending,pending,yes,unresolved,unresolved,needs_permission,Reverified pending: fail-closed upheld for STA-HIGH-PRE-WAS-K2; no exact live official manufacturer asset verified.,Keep pending until official manufacturer image is supplied.
STA-PRE-WAS-K3-DEL,UNIT,pending,pending,yes,unresolved,unresolved,needs_permission,Reverified pending: fail-closed upheld for STA-PRE-WAS-K3-DEL; no exact live official manufacturer asset verified.,Keep pending until official manufacturer image is supplied.
X-STA-PRE-WAS-K4,UNIT,pending,pending,yes,unresolved,unresolved,needs_permission,Reverified pending: fail-closed upheld for X-STA-PRE-WAS-K4; no exact live official manufacturer asset verified.,Keep pending until official manufacturer image is supplied.
BOS-2608-600-017,PCS,pending,pending,yes,unresolved,unresolved,needs_permission,Reverified pending: fail-closed upheld for BOS-2608-600-017; no exact live official manufacturer asset verified.,Keep pending until official manufacturer image is supplied.
CIMA-DL-L-199Y-RND-18W-CIELO-DL,SET,pending,pending,yes,unresolved,unresolved,needs_permission,Reverified pending: fail-closed upheld for CIMA-DL-L-199Y-RND-18W-CIELO-DL; no exact live official manufacturer asset verified.,Keep pending until official manufacturer image is supplied.
AGR-NET-SUN-GLO-70%,ROLL,pending,pending,yes,unresolved,unresolved,needs_permission,Reverified pending: fail-closed upheld for AGR-NET-SUN-GLO-70%; no exact live official manufacturer asset verified.,Keep pending until official manufacturer image is supplied.
SIN-CKS7406,PCS,pending,pending,yes,unresolved,unresolved,needs_permission,Reverified pending: fail-closed upheld for SIN-CKS7406; no exact live official manufacturer asset verified.,Keep pending until official manufacturer image is supplied.
MIR-SBC-600603A,SET,pending,pending,yes,unresolved,unresolved,needs_permission,Reverified pending: fail-closed upheld for MIR-SBC-600603A; no exact live official manufacturer asset verified.,Keep pending until official manufacturer image is supplied.
ELE-CAB-FLE-7076,ROLL,pending,pending,yes,unresolved,unresolved,needs_permission,Reverified pending: fail-closed upheld for ELE-CAB-FLE-7076; no exact live official manufacturer asset verified.,Keep pending until official manufacturer image is supplied.
ELE-CAB-FAJ-2.5MM-80M,ROLL,pending,pending,yes,unresolved,unresolved,needs_permission,Reverified pending: fail-closed upheld for ELE-CAB-FAJ-2.5MM-80M; no exact live official manufacturer asset verified.,Keep pending until official manufacturer image is supplied.
DC-DCSM03-100EK,SET,pending,pending,yes,unresolved,unresolved,needs_permission,Reverified pending: fail-closed upheld for DC-DCSM03-100EK; no exact live official manufacturer asset verified.,Keep pending until official manufacturer image is supplied.
PUM-WTR-JHP4-40,UNIT,pending,pending,yes,unresolved,unresolved,needs_permission,Reverified pending: fail-closed upheld for PUM-WTR-JHP4-40; no exact live official manufacturer asset verified.,Keep pending until official manufacturer image is supplied.
DC-20V-SETS-XB,SET,pending,pending,yes,unresolved,unresolved,needs_permission,Reverified pending: fail-closed upheld for DC-20V-SETS-XB; no exact live official manufacturer asset verified.,Keep pending until official manufacturer image is supplied.
DC-20V-XA,SET,pending,pending,yes,unresolved,unresolved,needs_permission,Reverified pending: fail-closed upheld for DC-20V-XA; no exact live official manufacturer asset verified.,Keep pending until official manufacturer image is supplied.
"DOR-HIN-JTC-SSS-4""",SET,pending,pending,yes,unresolved,unresolved,needs_permission,"Reverified pending: fail-closed upheld for DOR-HIN-JTC-SSS-4""; no exact live official manufacturer asset verified.",Keep pending until official manufacturer image is supplied.
SUMO-SM-138,UNIT,pending,pending,yes,unresolved,unresolved,needs_permission,Reverified pending: fail-closed upheld for SUMO-SM-138; no exact live official manufacturer asset verified.,Keep pending until official manufacturer image is supplied.
DL5-WAT-FIL-0942-GRY,UNIT,pending,pending,yes,unresolved,unresolved,needs_permission,Reverified pending: fail-closed upheld for DL5-WAT-FIL-0942-GRY; no exact live official manufacturer asset verified.,Keep pending until official manufacturer image is supplied.
IND-CEM-50KGS,BAG,pending,pending,yes,unresolved,unresolved,needs_permission,Reverified pending: fail-closed upheld for IND-CEM-50KGS; no exact live official manufacturer asset verified.,Keep pending until official manufacturer image is supplied.
"PIP-HDPE-25MM-3/4""",ROLL,pending,pending,yes,unresolved,unresolved,needs_permission,"Reverified pending: fail-closed upheld for PIP-HDPE-25MM-3/4""; no exact live official manufacturer asset verified.",Keep pending until official manufacturer image is supplied.
WOO-PLY-3.6MM,PCS,pending,pending,yes,unresolved,unresolved,needs_permission,Reverified pending: fail-closed upheld for WOO-PLY-3.6MM; no exact live official manufacturer asset verified.,Keep pending until official manufacturer image is supplied.
IND-GAL-WIRE-20#-COIL,COIL,pending,pending,yes,unresolved,unresolved,needs_permission,Reverified pending: fail-closed upheld for IND-GAL-WIRE-20#-COIL; no exact live official manufacturer asset verified.,Keep pending until official manufacturer image is supplied.
ELE-D/L-ECO-3030-24W,PCS,pending,pending,yes,unresolved,unresolved,needs_permission,Reverified pending: fail-closed upheld for ELE-D/L-ECO-3030-24W; no exact live official manufacturer asset verified.,Keep pending until official manufacturer image is supplied.
TOO-BOS-BAG-101,PCS,pending,pending,yes,unresolved,unresolved,needs_permission,Reverified pending: fail-closed upheld for TOO-BOS-BAG-101; no exact live official manufacturer asset verified.,Keep pending until official manufacturer image is supplied.
IND-WIR-MES-1212-20GX100,ROLL,pending,pending,yes,unresolved,unresolved,needs_permission,Reverified pending: fail-closed upheld for IND-WIR-MES-1212-20GX100; no exact live official manufacturer asset verified.,Keep pending until official manufacturer image is supplied.
BAT-ENE-MAX-AA4PCS,PCK,pending,pending,yes,unresolved,unresolved,needs_permission,Reverified pending: fail-closed upheld for BAT-ENE-MAX-AA4PCS; no exact live official manufacturer asset verified.,Keep pending until official manufacturer image is supplied.
BAT-ENE-MAX-AAA4PCS,PCK,pending,pending,yes,unresolved,unresolved,needs_permission,Reverified pending: fail-closed upheld for BAT-ENE-MAX-AAA4PCS; no exact live official manufacturer asset verified.,Keep pending until official manufacturer image is supplied.
WOO-HOE-CANGKUL-HARDWOOD,PCS,pending,pending,yes,unresolved,unresolved,needs_permission,Reverified pending: fail-closed upheld for WOO-HOE-CANGKUL-HARDWOOD; no exact live official manufacturer asset verified.,Keep pending until official manufacturer image is supplied.
IND-ALUM-SHE-FLA-0.3MMX3',KGS,pending,pending,yes,unresolved,unresolved,needs_permission,Reverified pending: fail-closed upheld for IND-ALUM-SHE-FLA-0.3MMX3'; no exact live official manufacturer asset verified.,Keep pending until official manufacturer image is supplied.
CEI-FRA-30MM,PCS,pending,pending,yes,unresolved,unresolved,needs_permission,Reverified pending: fail-closed upheld for CEI-FRA-30MM; no exact live official manufacturer asset verified.,Keep pending until official manufacturer image is supplied.
ROO-ZIN-SHE-10'X35G,PCS,pending,pending,yes,unresolved,unresolved,needs_permission,Reverified pending: fail-closed upheld for ROO-ZIN-SHE-10'X35G; no exact live official manufacturer asset verified.,Keep pending until official manufacturer image is supplied.
NAI-COM-65MM-20KG,BOX,pending,pending,yes,unresolved,unresolved,needs_permission,Reverified pending: fail-closed upheld for NAI-COM-65MM-20KG; no exact live official manufacturer asset verified.,Keep pending until official manufacturer image is supplied.
ELE-CAB-ZI-C70763G-ROLL,ROLL,pending,pending,yes,unresolved,unresolved,needs_permission,Reverified pending: fail-closed upheld for ELE-CAB-ZI-C70763G-ROLL; no exact live official manufacturer asset verified.,Keep pending until official manufacturer image is supplied.
PIP-CON-WHI-20MM3M,LTH,pending,pending,yes,unresolved,unresolved,needs_permission,Reverified pending: fail-closed upheld for PIP-CON-WHI-20MM3M; no exact live official manufacturer asset verified.,Keep pending until official manufacturer image is supplied.
NAI-COM-50MM-20KG,BOX,pending,pending,yes,unresolved,unresolved,needs_permission,Reverified pending: fail-closed upheld for NAI-COM-50MM-20KG; no exact live official manufacturer asset verified.,Keep pending until official manufacturer image is supplied.
"DRA-COV-TEC-GRE-9""X17""",PCS,pending,pending,yes,unresolved,unresolved,needs_permission,"Reverified pending: fail-closed upheld for DRA-COV-TEC-GRE-9""X17""; no exact live official manufacturer asset verified.",Keep pending until official manufacturer image is supplied.
