source_file,source_position,item_code,uom,display_name,official_product_page,official_image_url,local_asset_path,match_confidence,rights_status,queue
opencode-verify/pass-queue-unreviewed-2501-plus-verified.csv,2515,LAD-H/D-STRO-DS07,UNIT,Strongman D/s H/d Ladder DSHD07 7STEP,https://b2b-uat.sunwaywinstar.com/my/strongman-ds-hd-ladder-dshd07-7step,https://myhwwsstorprod01.obs.my-kualalumpur-1.alphaedge.tmone.com.my/product_images/0000855_strongman-double-sided-heavy-duty-dshd07-7-step_510.jpeg?AccessKeyId=IDRIC5ESEFAJ08W4Q4Q9&Expires=1787228864&Signature=9NtYO%2FjO%2FYfZM41kRi4VG9AtOkU%3D,catalogue\ai-inbox\manus-images\retry-output-branded-2501-7771\branded_retry_2501_7771\assets\2515.jpeg,A,needs_permission,job1_verify_pass
opencode-verify/pass-queue-unreviewed-2501-plus-verified.csv,2522,FAN-TAB-KDK-KB-304,PCS,Kdk Table Fan 12,https://www.kdk.com.my/product/kb-304/,https://www.kdk.com.my/wp-content/uploads/2020/09/product-mobile_Table-Fans_KB-304.png,,A,needs_permission,job1_verify_pass
opencode-verify/pass-queue-unreviewed-2501-plus-verified.csv,2531,IND-COO-MID-MIC222TLAGN,,Midea Induction Cooker Golden Color 2200W,https://www.midea.com/my/kitchen-appliances/cooking-appliances/induction-cooker/midea-induction-cooker-mic222tlagn.mic222tlagn,https://web-res.midea.com/content/dam/midea-aem/my/my-new/pdp/domestic-appliances/induction-cooker/mic222tlagn/pd-mic222tlagn-1024x1024.jpg,,A,needs_permission,job1_verify_pass
opencode-verify/pass-queue-unreviewed-2501-plus-verified.csv,2541,BAT-CHA-KENDE-SM1212,UNIT,Kende Battery Charger 12V,https://www.suiumachinery.com.my/showproducts/productid/4797799/cid/467542/kende-sm1212-612v-portable-battery-inverter-charger-212a/,https://cdn1.npcdn.net/images/f943283aec8e5551a94e1b64d8a07115_1704511396.webp?md5id=a7a0da96b4c16537050114ceed8368c9&new_width=1000&new_height=1000&size=max&w=1694400547&from=jpeg&type=9,catalogue\ai-inbox\manus-images\retry-output-branded-2501-7771\branded_retry_2501_7771\assets\2541.webp,A,needs_permission,job1_verify_pass
opencode-verify/pass-queue-unreviewed-2501-plus-verified.csv,2576,HOO-CAB-CB8003-3,,Cabana 3 Robe Hook (polish),https://cabana.com.my/index.php/products/bathroom/bathroom-accessories/hook-bar/cb8003-3-detail,https://cabana.com.my/images/virtuemart/product/CB8003-3.jpg,,A,needs_permission,job1_verify_pass
opencode-verify/pass-queue-unreviewed-2501-plus-verified.csv,2582,SHE-CAB-CB781-BL,,Cab Double Corner Shelf (matt Blk) -CB781-BL,https://cabana.kartfive.com/index.php/products/bathroom/bathroom-accessories/shelf/cb781-bl-detail,https://cabana.kartfive.com/images/virtuemart/product/CB781-BL.jpg,,A,needs_permission,job1_verify_pass
opencode-verify/pass-queue-unreviewed-2501-plus-verified.csv,2602,IND-CEM-GREY-25KG,BAG,Sika Ceram 88 (25KG/BAG),https://mys.sika.com/en/construction/tile-setting/tile-adhesives/sikaceram-88.html,https://sika.scene7.com/is/image/sikacs/my-SikaCeram-88-25kg-01536099:1-1?wid=480&hei=480&fit=crop%2C1,catalogue\ai-inbox\manus-images\retry-output-branded-2501-7771\branded_retry_2501_7771\assets\2602.jpg,A,needs_permission,job1_verify_pass
opencode-verify/pass-queue-unreviewed-2501-plus-verified.csv,2705,SHE-CAB-CB782-BL,,Cab Double Shelf (matt Blk) -CB782-BL,https://www.cabana.com.my/index.php/products/bathroom/bathroom-accessories/shelf/cb782-bl-detail,https://www.cabana.com.my/images/virtuemart/product/CB782-BL.jpg,,A,needs_permission,job1_verify_pass
opencode-verify/pass-queue-unreviewed-2501-plus-verified.csv,2830,X-FAN-CEI-COSA-998,,Alpha Cosa 998 Ceiling Fan - Pwt,https://www.alphamalaysia.com/ceiling-fans/cx99856,https://www.alphamalaysia.com/sites/default/files/2022-06/CX998%20PWT_0.png,,A,needs_permission,job1_verify_pass
opencode-verify/pass-queue-unreviewed-2501-plus-verified.csv,2865,LAD-H/D-STRO-DS08,UNIT,Strongman D/s H/d Ladder DSHD08 8STEP,https://b2b-uat.sunwaywinstar.com/my/strongman-ds-hd-ladder-dshd08-8step,https://myhwwsstorprod01.obs.my-kualalumpur-1.alphaedge.tmone.com.my/product_images/0000584_strongman-double-sided-heavy-duty-dshd08-8-step_510.png?AccessKeyId=IDRIC5ESEFAJ08W4Q4Q9&Expires=1787229446&Signature=Z3lDNPZdwZ3%2FjeKeLJmqRYoSvlc%3D,catalogue\ai-inbox\manus-images\retry-output-branded-2501-7771\branded_retry_2501_7771\assets\2865.png,A,needs_permission,job1_verify_pass
opencode-verify/pass-queue-unreviewed-2501-plus-verified.csv,3243,GRA-CAB-CB6644,,Cabana S/steel Floor Grating 4,https://www.cabana.com.my/index.php/products/bathroom/floor-grating/cb6644-detail,https://www.cabana.com.my/images/virtuemart/product/CB6644.jpg,,A,needs_permission,job1_verify_pass
opencode-verify/pass-queue-unreviewed-2501-plus-verified.csv,3344,EXH-FAN-FN25A,,Dekka Apb 25A 10 Wall Exhaust Fan,https://dekka-asia.com/?product=apb25a-10-exhaust-wall-fan,https://dekka-asia.com/wp-content/uploads/2019/11/d184e50360d3479b0af1f9f962baed1.jpg,,A,needs_permission,job1_verify_pass
opencode-verify/pass-queue-unreviewed-2501-plus-verified.csv,3427,HOO-CAB-CB8003-5,,Cabana 5 Robe Hook (polish),https://www.cabana.com.my/index.php/products/bathroom/bathroom-accessories/hook-bar/cb8003-5-detail,https://www.cabana.com.my/images/virtuemart/product/CB8003-5.jpg,,A,needs_permission,job1_verify_pass
opencode-verify/pass-queue-unreviewed-2501-plus-verified.csv,3512,X-HOO-CAB-CB8001-3,,Cabana 3 Robe Hook (satin) CB8001-3,https://cabana.com.my/index.php/products/bathroom/bathroom-accessories/hook-bar/cb8001-3-detail,https://cabana.com.my/images/virtuemart/product/CB8001-3.jpg,,A,needs_permission,job1_verify_pass
opencode-verify/pass-queue-unreviewed-2501-plus-verified.csv,3630,GROUT-SEAL-703,CAN,Sikagard 703 Groutseal - 1LTR,https://mys.sika.com/en/home-improvement/waterproofing/sikagard-703-groutseal.html,https://sika.scene7.com/is/image/sikacs/my-02-en-MY-Sikagard-703-GroutSeal-1x1-00557701:1-1?wid=480&hei=480&fit=crop%2C1,catalogue\ai-inbox\manus-images\retry-output-branded-2501-7771\branded_retry_2501_7771\assets\3630.jpg,A,needs_permission,job1_verify_pass
opencode-verify/pass-queue-unreviewed-2501-plus-verified.csv,3772,TAP-CAB-CB6331,UNIT,Cabana S/steel Drinking Tap,https://www.cabana.com.my/index.php/products/kitchen/kitchen-faucet/cb6331-detail,https://www.cabana.com.my/images/virtuemart/product/CB6331.jpg,catalogue\ai-inbox\manus-images\retry-output-branded-2501-7771\branded_retry_2501_7771\assets\3772.jpg,A,needs_permission,job1_verify_pass
opencode-verify/pass-queue-unreviewed-2501-plus-verified.csv,4096,TAP-CAB-CB1540SS-BL,PCS,Cabana S/s Pillar Mounted Kitchen Tap,https://www.cabana.com.my/index.php/products/kitchen/kitchen-faucet/cb1540ss-bl-detail,https://www.cabana.com.my/images/virtuemart/product/CB1540SS-BL.jpg,catalogue\ai-inbox\manus-images\retry-output-branded-2501-7771\branded_retry_2501_7771\assets\4096.jpg,A,needs_permission,job1_verify_pass
opencode-verify/pass-queue-unreviewed-2501-plus-verified.csv,4880,TAP-CAB-CB2805A,PCS,Cabana Hose Bib Tap CB2805A,https://www.cabana.com.my/index.php/products/kitchen/kitchen-faucet/cb2805a-ss-cr-diy-detail,https://www.cabana.com.my/images/virtuemart/product/CB2805A3.jpg,catalogue\ai-inbox\manus-images\retry-output-branded-2501-7771\branded_retry_2501_7771\assets\4880.jpg,A,needs_permission,job1_verify_pass
opencode-verify/pass-queue-unreviewed-2501-plus-verified.csv,4881,TAP-CAB-CB2806A,PCS,Cabana Bib Tap CB2806A,https://www.cabana.com.my/index.php/products/kitchen/kitchen-faucet/cb2806a-ss-cr-diy-detail,https://www.cabana.com.my/images/virtuemart/product/CB2806A8.jpg,catalogue\ai-inbox\manus-images\retry-output-branded-2501-7771\branded_retry_2501_7771\assets\4881.jpg,A,needs_permission,job1_verify_pass
opencode-verify/pass-queue-unreviewed-2501-plus-verified.csv,2557,BOS-2608-521-043,PCS,Screwdriver Bit - 2608-521-043,https://www.bosch-pt.com.my/my/en/extra-hard-double-ended-screwdriver-bit-packs-phillips-2868181-ocs-ac/,https://www.bosch-pt.com.my/my/en/ocsmedia/307515-82/product-image/full/10-piece-double-ended-bit-set-ph2-ph2-2608521043.png,catalogue/ai-inbox/manus-images/retry-pass2/2501-2558/assets/2557.png,A,needs_permission,job1_verify_pass
opencode-recover/recover-pass1.csv,,JOV-WAT-HEA-SL30IP-WHI-RS,PCS,Joven (white) Instant Water Heater SL30IP-RS,https://www.joven-electric.com/my/sl30ip-rs-instant-water-heater-5101501.html,https://www.joven-electric.com/media/catalog/product/cache/322a816fef176a546d56690fda5291c3/5/1/5101501001-2.jpg,,A,needs_permission,recover_pass1_candidate
opencode-recover/recover-pass1.csv,,SIN-SOR-SRTKS2406,PCS,Sorento S/s 304 Kitchen Sink Ultrasonic Nano Tech SRTS2406,https://www.sorento.com.my/sorento-kitchen/kitchen-sink/double-bowl/srtks2406-detail,https://www.sorento.com.my/images/stories/virtuemart/product/SRTKS24061.jpg,,A,needs_permission,recover_pass1_candidate
opencode-recover/recover-pass1.csv,,SIN-SOR-SRTKS2408,PCS,Sorento S/s 304 Kitchen Sink Ultrasonic Nano Tech SRTKS2408,https://www.sorento.com.my/sorento-kitchen/kitchen-sink/double-bowl/srtks2408-detail,https://www.sorento.com.my/images/stories/virtuemart/product/SRTKS24084.jpg,,A,needs_permission,recover_pass1_candidate
opencode-recover/recover-pass1.csv,,JOV-WAT-HEA-SB11IP-BLK-RS,PCS,Joven (blk) Instant Water Heater,https://www.joven-electric.com/my/sb11ip-rs-4-2kw-instant-water-heater-5111102.html,https://www.joven-electric.com/media/catalog/product/cache/be45d83139bc2950f7fdc035c8252966/s/b/sb11ip-rs_4.2kw_black__1.jpg,,A,needs_permission,recover_pass1_candidate
opencode-recover/recover-pass1.csv,,JOV-WAT-HEA-SB11IP-WHI,PCS,Joven (white) Instant Water Heater SB11IP,https://www.joven-electric.com/my/sb11ip-instant-water-heater-5110201.html,https://www.joven-electric.com/media/catalog/product/cache/be45d83139bc2950f7fdc035c8252966/s/b/sb11ip_white__1.jpg,,A,needs_permission,recover_pass1_candidate
opencode-recover/recover-pass1.csv,,TAP-SAN-SWP-B-2924,PCS,Saniware Premier Basin Pillar Tap-mixer (gold) SWP-B-2924,https://saniware.com/product/basin-pillar-tap-mixergold-swp-b-2924/,https://saniware.com/wp-content/uploads/2026/01/SWP-B-2924.jpg,,A,needs_permission,recover_pass1_candidate
opencode-recover/recover-pass1.csv,,TAP-SAN-SWP-B-2921,PCS,Saniware Premier Basin Pillar Tap-mixer (matt Black) SWP-B-2921,https://saniware.com/product/swp-b-2921/,https://saniware.com/wp-content/uploads/2021/10/SWP-B-2921.png,,A,needs_permission,recover_pass1_candidate
opencode-recover/recover-pass1.csv,,TOI-TRP-WC-SRTWC8354-SH-UF(250MM),PCS,Sorento Twister Flush Tech,https://www.sorento.com.my/sorento-bathroom/water-closet/one-piece-wc/srtwc8354-sh-detail,https://www.sorento.com.my/images/stories/virtuemart/product/SRTWC8354-01.jpg,,A,needs_permission,recover_pass1_candidate
opencode-recover/recover-pass1.csv,,STA-GRI-SG6100,UNIT,Stanley Grinder 620W,https://my.stanleytools.global/product/sg6100-xd/620w-100mm-slim-small-angle-grinder,https://my.stanleytools.global/ASIA/PRODUCT/IMAGES/HIRES/SG6100_1.jpg,,B,needs_permission,recover_pass1_candidate
opencode-recover/recover-pass1.csv,,STA-DRI-SCH10D2K,UNIT,Stanley 12V Tower Up Hammer Drill/driver 2.0AH,https://theleedenstore.com.my/product/stanley-sch10d2k-b1-12v-brushed-cordless-hammer-drill-with-2-0ah-battery-1-5a-charger/,https://theleedenstore.com.my/wp-content/uploads/2024/02/STENLEY-CORDLESS-SERIES_STANLEY-SCH10D2K-B1-12V-BRUSHED-CORDLESS-HAMMER-DRILL-WITH-2.0AH-BATTERY-1.5A-CHARGER.jpg,,B,needs_permission,recover_pass1_candidate
opencode-recover/recover-pass1.csv,,TOI-TRP-WC-2110A-S,SET,Saniware Eco Seat Cover Top&bottom Washdown Two-piece Closet,https://saniware.com/product/wc-2110a-s200/,https://saniware.com/wp-content/uploads/2021/03/WC-2110A-S200.jpg,,B,needs_permission,recover_pass1_candidate
opencode-recover/recover-pass1.csv,,TOI-TRP-WC-2122A-S,SET,Saniware Washdown Closet WC-2122A-S250MM,https://saniware.com/product/wc-2122a-s300/,https://saniware.com/wp-content/uploads/2021/03/WC-2122A-S300.jpg,,B,needs_permission,recover_pass1_candidate
opencode-recover/recover-pass1.csv,,STA-GRI-SCG400-SOLO,UNIT,Stanley 20V Grinder,https://my.stanleytools.global/product/scg400-b1/20v-grinder-tool-only,https://my.stanleytools.global/ASIA/PRODUCT/IMAGES/HIRES/SCG400_1.jpg,,B,needs_permission,recover_pass1_candidate
opencode-recover/recover-pass1.csv,,SIN-SOR-SRTKS6091,PCS,Sorento Undermount Kitchen Sink,https://www.sorento.com.my/sorento-kitchen/kitchen-sink/double-bowl/srtks6091-detail,https://www.sorento.com.my/images/stories/virtuemart/product/SRTKS6091-02.jpg,,A,needs_permission,recover_pass1_candidate
opencode-recover/recover-pass1.csv,,TOI-TRP-WC-SRTWC8366-S(250MM),PCS,Sorento One Piece Washdown W Rimless Flush Tech,https://www.sorento.com.my/sorento-bathroom/water-closet/one-piece-wc/srtwc8366-rl-uf-detail,https://www.sorento.com.my/images/stories/virtuemart/product/SRTWC8366-RL-UF%20(2).jpg,,A,needs_permission,recover_pass1_candidate
opencode-recover/recover-pass1.csv,,OVEN-RUB-TAE13-M507,UNIT,Rubine M/wave Oven RMO-934SS-GD34X,https://www.rubine.com.my/product/RMO-934SS-GD34,https://www.rubine.com.my/files/product_img/IM01814.jpg,,A,needs_permission,recover_pass1_candidate
opencode-recover/recover-pass1.csv,,FAN-CEI-DEKA-CGNL54MB12,UNIT,Deka Ceiling Fan Geno Matt Black,https://deka.my/geno-54-led/,https://deka.my/wp-content/uploads/2025/07/GENO-54LED-MB-Jpg.jpg,,A,needs_permission,recover_pass1_candidate
opencode-recover/recover-pass1.csv,,DC-DSM09-100S,UNIT,Angle Grinder / DSM09-100S,https://www.dongchengtool.com/product/detail/1646295135499,https://dongcheng.obs.ap-southeast-1.myhuaweicloud.com/cms/2024/10/26/1732600360640/DSM09-100S.jpg,,B,needs_permission,recover_pass1_candidate
opencode-recover/recover-pass1.csv,,ELE-MUL-TES-UNI,UNIT,Uni-t UT33B+ Multi Meter Tester,https://meters.uni-trend.com.cn/content/1285.html,https://meters.uni-trend.com.cn/uploads/image/20260105/20260105_noop.png,,A,needs_permission,recover_pass1_candidate
opencode-recover/recover-pass1.csv,,TAP-SAN-SWP-B-3213-G,PCS,Saniware Premier Tall Basin Cold Tap (gold),https://saniware.com/product/tall-basin-cold-tap-swp-ss-304-3213-g/,https://saniware.com/wp-content/uploads/2025/05/3213-G.png,,A,needs_permission,recover_pass1_candidate
opencode-recover/recover-pass1.csv,,FAN-CEI-DEKA-CF66DC66MB12,UNIT,Deka Ceiling Fan F66 DC Matt Black,https://deka.my/f66-dc/,https://deka.my/wp-content/uploads/2026/04/F66-2560X2560-BK.png,,A,needs_permission,recover_pass1_candidate
opencode-recover/recover-pass1.csv,,JOV-WAT-FIL-JP200,PCS,Joven (red) Water Purifier,https://www.joven-electric.com/my/jp200-water-purifier.html,https://www.joven-electric.com/media/catalog/product/cache/be45d83139bc2950f7fdc035c8252966/5/1/5111304001-4.jpg,,A,needs_permission,recover_pass1_candidate
opencode-recover/recover-pass1.csv,,KHI-HDR-HD511-GRE,SET,Hair Dryer 1400W (matt Grey),https://khind.com.my/products/khind-hair-dryer-hd1400,https://khind.com.my/cdn/shop/files/HD1400_1_HiRes_1a611a78-9046-49f7-96cd-f0af17337545.jpg,,A,needs_permission,recover_pass1_candidate
opencode-recover/recover-pass1.csv,,SHO-SOR-SRTWT9614,PCS,Sorento Shower Set,https://www.sorento.com.my/sorento-bathroom/shower-bidet/exposed-shower-set/srtwt9614-detail,https://sorento.com.my/images/stories/virtuemart/product/SRTWT9614-01-01.jpg,,A,needs_permission,recover_pass1_candidate
opencode-recover/recover-pass1.csv,,SIN-SOR-SRTKS2427-BL,PCS,Sorento S/s 304 Kitchen Sink-blk Ultrasonic Nano Tech,https://www.sorento.com.my/sorento-kitchen/kitchen-sink/double-bowl/srtks2427-bl-detail,https://sorento.com.my/images/stories/virtuemart/product/SRTKS2427-BL24.jpg,,A,needs_permission,recover_pass1_candidate
opencode-recover/recover-pass1.csv,,BAS-SOR-SRTWB7132,PCS,Sorento Counter Top Basin,https://www.sorento.com.my/sorento-bathroom/wash-basin/counter-top-ultra-thin-edge-basin/srtwb7132-detail,https://sorento.com.my/images/stories/virtuemart/product/SRTWB7132.jpg,,A,needs_permission,recover_pass1_candidate
opencode-recover/recover-pass1.csv,,KHI-POT-AP550,SET,Khind Thermos Pot 5.5L,https://khind.com.my/products/khind-thermo-pot-ap550,http://khind.com.my/cdn/shop/files/AP550_LO_62af8a03-4546-442f-8e15-058caac09f14.jpg?v=1751809071,,A,needs_permission,recover_pass1_candidate
opencode-recover/recover-pass1.csv,,BATH-SRTBF31417,PCS,Sorento 6 IN 1 Bathroom Furniture,https://www.sorento.com.my/sorento-bathroom/bathroom-furniture/cabinet-basin/srtbf31417-detail,https://sorento.com.my/images/stories/virtuemart/product/SRTBF31417-01.jpg,,A,needs_permission,recover_pass1_candidate
opencode-recover/recover-pass1.csv,,FAN-CEI-DEKA-CF5DC46MB12,UNIT,Deka Ceiling Fan F5 DC~46 Pro Matt Blk,https://deka.my/f5-dc-46-pro/,https://deka.my/wp-content/uploads/2025/07/F5-DC-46-PRO-MB-Jpg-OK.jpg,,A,needs_permission,recover_pass1_candidate
opencode-recover/recover-pass1.csv,,STA-HAM-SBD715D2K,UNIT,Stanley Fatmax 20V Brushless Hammer Drill,https://my.stanleytools.global/product/sbd715d2k-b1/20v-brushless-hammer-drill-kit-crystal-box-100-pc,https://my.stanleytools.global/ASIA/PRODUCT/IMAGES/HIRES/SBD715D2K_2.jpg,,A,needs_permission,recover_pass1_candidate
opencode-recover/recover-pass1.csv,,BOS-0601-227-1L2,UNIT,Gsb 13RE Impact Drill (blow Mode Set),https://www.bosch-pt.com.my/my/en/products/gsb-13-re-06012271L2,https://www.bosch-pt.com.my/my/en/ocsmedia/optimized/750x422/o260232v54_lv-144432-12-GSB13RE_stat_01.png,,A,needs_permission,recover_pass1_candidate
opencode-recover/recover-pass1.csv,,GAS-STO-KHI-GC7125,SET,Khind Gas Cooker (stainless Steel),https://khind.com.my/products/khind-gas-cooker-gc7125,http://khind.com.my/cdn/shop/files/gc7125-cover-wh_210923192148.jpg?v=1751809100,,A,needs_permission,recover_pass1_candidate
opencode-recover/recover-pass1.csv,,SHO-SOR-SRTSS8730,PCS,Sorento Sliding BAR Shower Set - SRTSS8730,https://www.sorento.com.my/sorento-bathroom/shower-bidet/sliding-bar/srtss8730-detail,https://sorento.com.my/images/stories/virtuemart/product/SRTSS8730-04.jpg,,A,needs_permission,recover_pass1_candidate
opencode-recover/recover-pass1.csv,,KHI-INF-COO-IRC2000,SET,Khind - Infrared Cooker (black),https://khind.com.my/products/infrared-cooker,http://khind.com.my/cdn/shop/files/irc2000-wh-cover_280521171520.jpg?v=1751809514,,A,needs_permission,recover_pass1_candidate
opencode-recover/recover-pass1.csv,,STA-GRI-SCG400-SET,UNIT,Stanley 20V Grinder 1PC Charger (SC200)+2PCS Battery 2.0AH (SB202),https://my.stanleytools.global/product/scg400-b1/20v-grinder-tool-only,https://my.stanleytools.global/ASIA/PRODUCT/IMAGES/HIRES/SCG400_1.jpg,,B,needs_permission,recover_pass1_candidate
opencode-recover/recover-pass1.csv,,STA-PRE-WAS-BEPW1800T,UNIT,Black+decker Vertical Pressure Washer 125 BAR,https://asia.blackanddecker.global/product/bepw1800t-b1/bd-124-bar-pressure-washer,https://asia.blackanddecker.global/ASIA/PRODUCT/IMAGES/HIRES/BEPW1800T_1.jpg,,A,needs_permission,recover_pass1_candidate
opencode-recover/recover-pass1.csv,,ELE-D/L-MEG-YTA60Z1-10W,PCS,Megaman A60 E27 LED Bulb YTA60Z1 10W/6500K,https://megaman.com.my/product/led-g-a-bulb/,https://megaman.com.my/wp-content/uploads/2020/12/1-min.jpg,,A,needs_permission,recover_pass1_candidate
opencode-recover/recover-pass1.csv,,GAS-STO-KHI-GS1516,SET,Khind - Infrared Gas Cooker (stainless Steel),https://khind.com.my/products/khind-infrared-gas-stove-igs1516,http://khind.com.my/cdn/shop/files/igs1516_220523172501.jpg?v=1751809784,,A,needs_permission,recover_pass1_candidate
opencode-recover/recover-pass1.csv,,ELE-D/L-MEG-YTP38B1-10W,PCS,Megaman LED Stick Bulb Plc YTP38B1 10W/6500K,https://megaman.com.my/product/led-stick/,https://megaman.com.my/wp-content/uploads/2020/12/Untitled-8-2.jpg,,A,needs_permission,recover_pass1_candidate
opencode-recover/recover-pass1.csv,,KHI-COO-RC918T,SET,Khind - Rc 1.8L Teflon Pot (cream Magnolia),https://khind.com.my/products/khind-9-series-electric-rice-cooker-cream-magnolia-540704063,http://khind.com.my/cdn/shop/files/rc9t-larger-cream-lo_200621145353_36ee746f-d09f-4730-b54e-498a47b5b6ab.jpg?v=1751809454,,A,needs_permission,recover_pass1_candidate
opencode-recover/recover-pass1.csv,,FAN-KHI-AF1801,SET,Khind 18 Auto Fan (white),https://khind.com.my/products/khind-auto-fan-af1801,http://khind.com.my/cdn/shop/files/AutoFanAF1801_HI_56ed10ee-5d1f-44bd-a48c-63c8f8e75798.jpg?v=1751809530,,A,needs_permission,recover_pass1_candidate
opencode-recover/recover-pass1.csv,,KHI-COO-RCJ188,SET,Khind - Jar Rice Cooker 1.8L (mint),https://khind.com.my/products/khind-1-8l-jar-rice-cooker-rcj188,http://khind.com.my/cdn/shop/files/RCJ188_zalora_cover_3bbd0996-43a8-44a5-802e-d582f347d147.jpg?v=1751809117,,A,needs_permission,recover_pass1_candidate
opencode-recover/recover-pass1.csv,,BOS-2608-619-701,PCS,Cutting Disc Metal,https://www.bosch-pt.com.my/my/en/stainless-steel-and-metal-cutting-disc-green-long-life-for-small-angle-grinders-with-bore-16-mm-8107424-ocs-ac/,https://www.bosch-pt.com.my/my/en/ocsmedia/optimized/137x77/o615543v82_2608619701_bo_pro_u_f_1.png,,A,needs_permission,recover_pass1_candidate
opencode-recover/recover-pass1.csv,,STA-IMP-DRI-STDH7213V,UNIT,Stanley Percussion Drill 800W+VP,https://asia.stanleytools.global/product/stdh7213v-b1/13mm-800w-percussion-drill,https://asia.stanleytools.global/ASIA/PRODUCT/IMAGES/HIRES/STDH7213V_A1.jpg,,B,needs_permission,recover_pass1_candidate
opencode-recover/recover-pass1.csv,,ELE-D/L-MEG-YTA70Z1-15W,PCS,Megaman A70 E27 LED Bulb YTA70Z1 15W/6500K,https://megaman.com.my/product/led-g-a-bulb/,https://megaman.com.my/wp-content/uploads/2020/12/1-min.jpg,,A,needs_permission,recover_pass1_candidate
opencode-recover/recover-pass1.csv,,ELE-D/L-MEG-YTP38B1-10W-4000K,PCS,Megaman LED Stick Bulb Plc YTP38B1 10W/4000K,https://megaman.com.my/product/led-stick/,https://megaman.com.my/wp-content/uploads/2020/12/Untitled-8-2.jpg,,A,needs_permission,recover_pass1_candidate
opencode-recover/recover-pass1.csv,,FAN-CEI-DEKA-CF5DC56MB,UNIT,Deka Ceiling Fan F5 Dc~pro Matt Blk 56,https://deka.my/f5-dc-pro/,https://deka.my/wp-content/uploads/2025/07/F5-DC-PRO-MB-Jpg.jpg,,A,needs_permission,recover_pass1_candidate
opencode-recover/recover-pass1.csv,,JOV-WAT-FIL-JWP20,PCS,Joven Water Filter,https://www.joven-electric.com/my/jwp20-water-filter.html,https://www.joven-electric.com/media/catalog/product/cache/be45d83139bc2950f7fdc035c8252966/5/1/5134612001-1.jpg,,A,needs_permission,recover_pass1_candidate
opencode-recover/recover-pass1.csv,,STA-PRE-WAS-BEPW1750,UNIT,Black+decker Pressure Washer 120BAR,https://asia.blackanddecker.global/product/bepw1750-b1/1500w-high-pressure-washer-wheels-1740-psi,https://asia.blackanddecker.global/ASIA/PRODUCT/IMAGES/HIRES/BEPW1750_1.jpg,,A,needs_permission,recover_pass1_candidate
opencode-recover/recover-pass1.csv,,"EXH-FAN-KHI-12""-WHI-EF1201",SET,Khind 12 Exhaust Fan (off White),https://khind.com.my/products/khind-exhaust-fan-ef1201,http://khind.com.my/cdn/shop/files/Khind_20Exhaust_20Fan_20EF1201_thumbnail.jpg?v=1751809706,,A,needs_permission,recover_pass1_candidate
opencode-recover/recover-pass1.csv,,BOS-0601-9K3-1L2,UNIT,Gsb Batt. Impact Drill,https://www.bosch-pt.com.my/my/en/products/gsb-185-li-06019K31L2,https://www.bosch-pt.com.my/binary/ocsmedia/optimized/750x422/o363996v54_9gsb_185-li_sos_06019K31K2.png,,A,needs_permission,recover_pass1_candidate
opencode-recover/recover-pass1.csv,,BOS-2608-522-405,PCS,Impact Bit PH2 X 65MM,https://www.bosch-pt.com.my/my/en/pro-long-groove-double-ended-impact-bit-3095581-ocs-ac/,https://www.bosch-pt.com.my/my/en/ocsmedia/optimized/137x77/o469856v82_2608522405_bo_pro_u_f_1.png,,A,needs_permission,recover_pass1_candidate
opencode-recover/recover-pass1.csv,,ELE-D/L-MEG-YTP45Z1-15W-4000K,PCS,Megaman LED Stick Bulb E27 YTP45Z1 15W/4000K,https://megaman.com.my/product/led-stick/,https://megaman.com.my/wp-content/uploads/2020/12/Untitled-8-2.jpg,,A,needs_permission,recover_pass1_candidate
opencode-recover/recover-pass1.csv,,STA-PRE-WAS-HD4,UNIT,Karcher Classic High Pressure Washer,https://www.kaercher.com/my/en/professional/products/hd-4-10-x-classic-kap-15209760.html,https://d1y4tv7o00gnfq.cloudfront.net/mam/15209760/mainproduct/188873/d2.jpg,,A,needs_permission,recover_pass1_candidate
opencode-recover/recover-pass1.csv,,BOS-0611-321-0L0,UNIT,Gsh 5CE Demolition Hammer,https://www.bosch-pt.com.my/my/en/products/gsh-5-ce-06113210L0,https://www.bosch-pt.com.my/binary/ocsmedia/optimized/750x422/o36076v54_f4gd7027_GSH_5_CE_V01.png,,A,needs_permission,recover_pass1_candidate
opencode-recover/recover-pass1.csv,,ELE-D/L-MEG-YTP45Z1-15W-3000K,PCS,Megaman LED Stick Bulb E27 YTP45Z1 15W/3000K,https://megaman.com.my/product/led-stick/,https://megaman.com.my/wp-content/uploads/2020/12/Untitled-8-2.jpg,,A,needs_permission,recover_pass1_candidate
opencode-recover/recover-pass1.csv,,BOS-0601-1A2-1L0,UNIT,Gsb Impact Drill,https://www.bosch-pt.com.my/my/en/products/gsb-20-2-re-06011A21L0,https://www.bosch-pt.com.my/binary/ocsmedia/optimized/750x422/o275202v54_lv-95422-12-GSB_20_2_RE_Keyed_Dy.png,,A,needs_permission,recover_pass1_candidate
opencode-recover/recover-pass1.csv,,ELE-D/L-MEG-YTP38B1-10W-3000K,PCS,Megaman LED Stick Bulb Plc YTP38B1 10W/3000K,https://megaman.com.my/product/led-stick/,https://megaman.com.my/wp-content/uploads/2020/12/Untitled-8-2.jpg,,A,needs_permission,recover_pass1_candidate
opencode-recover/recover-pass1.csv,,KHI-FRY-ARF35,SET,Khind Air Fryer (mint),https://khind.com.my/products/khind-3-5l-air-fryer-arf35,http://khind.com.my/cdn/shop/files/ssmy.zone-1682563305-ARF35_Mint_WH_Cover.jpg?v=1751809314,,A,needs_permission,recover_pass1_candidate
opencode-recover/recover-pass1.csv,,STA-DRI-SCD10D2K,UNIT,Stanley 12V Tower Up Drill/driver 2.0AH,https://theleedenstore.com.my/product/stanley-scd10d2k-b1-12v-brushed-cordless-drill-driver-with-2-0ah-battery-1-5a-charger/,https://theleedenstore.com.my/wp-content/uploads/2024/11/STENLEY-CORDLESS-SERIES_STANLEY-SCD10D2K-B1-12V-BRUSHED-CORDLESS-DRILL-DRIVER-WITH-2.0AH-BATTERY-1.5A-CHARGER-PHOTO-1.jpg,,C,needs_permission,recover_pass1_candidate
opencode-recover/recover-pass1.csv,,BOS-0611-924-0L1,UNIT,Gbh Batt. Rotary Hammer,https://www.bosch-pt.com.my/my/en/products/gbh-185-li-06119240L1,https://www.bosch-pt.com.my/binary/ocsmedia/optimized/750x422/o397710v54_GBH_185-Li_4Ah_Ghost_Image_dyn.png,,A,needs_permission,recover_pass1_candidate
opencode-recover/recover-pass1.csv,,ELE-D/L-MEG-YTA60Z1-10W-4000K,PCS,Megaman A60 E27 LED Bulb YTA60Z1 10W/4000K,https://megaman.com.my/product/led-g-a-bulb/,https://megaman.com.my/wp-content/uploads/2020/12/1-min.jpg,,A,needs_permission,recover_pass1_candidate
opencode-recover/recover-pass1.csv,,ELE-D/L-MEG-YTA70Z1-15W-4000K,PCS,Megaman A70 E27 LED Bulb YTA70Z1 15W/4000K,https://megaman.com.my/product/led-g-a-bulb/,https://megaman.com.my/wp-content/uploads/2020/12/1-min.jpg,,A,needs_permission,recover_pass1_candidate
opencode-recover/recover-pass1.csv,,KHI-COO-RC828N,SET,Khind Rice Cooker 2.8L,https://khind.com.my/products/khind-electric-rice-cooker-cool-grey-490095298,http://khind.com.my/cdn/shop/files/rc828n-wh-cover-coolgrey_111021154853_714986b7-6896-4693-98dc-6a2a2f222730.jpg?v=1751809645,,B,needs_permission,recover_pass1_candidate
opencode-recover/recover-pass1.csv,,"EXH-FAN-KHI-08""-WHI-EF8001",SET,Khind 8 Exhaust Fan (off White),https://khind.com.my/products/khind-exhaust-fan-ef8001,http://khind.com.my/cdn/shop/files/Khind_20Exhaust_20Fan_20EF8001_thumbnail_d9127cde-d554-45dc-b621-6ff1383e5c83.jpg?v=1751809705,,A,needs_permission,recover_pass1_candidate
opencode-recover/recover-pass1.csv,,BOS-0601-228-1L2,UNIT,Gsb 16RE Impact Drill (blow Mode Set),https://www.bosch-pt.com.my/my/en/products/gsb-16-re-06012281L2,https://www.bosch-pt.com.my/binary/ocsmedia/optimized/750x422/o260252v54_lv-84560-12-GSB_16_RE_dyn_highres_02.png,,A,needs_permission,recover_pass1_candidate
opencode-recover/recover-pass1.csv,,FAN-CEI-DEKA-CGNL54OAK12,UNIT,Deka Ceiling Fan Geno Oak,https://deka.my/geno-54-led/,https://deka.my/wp-content/uploads/2025/07/GENO-54LED-OAK-Jpg.jpg,,A,needs_permission,recover_pass1_candidate
opencode-recover/recover-pass1.csv,,BOS-2608-522-406,PCS,Impact Bit PH2 X 110MM,https://www.bosch-pt.com.my/my/en/pro-long-groove-double-ended-impact-bit-3095581-ocs-ac/,https://www.bosch-pt.com.my/my/en/ocsmedia/optimized/137x77/o469860v82_2608522406_bo_pro_u_f_1.png,,A,needs_permission,recover_pass1_candidate
opencode-recover/recover-pass1.csv,,BOS-2608-522-407,PCS,Impact Bit PH2 X 150MM,https://www.bosch-pt.com.my/my/en/pro-long-groove-double-ended-impact-bit-3095581-ocs-ac/,https://www.bosch-pt.com.my/my/en/ocsmedia/optimized/137x77/o466604v82_2608522407_bo_pro_u_f_1.png,,A,needs_permission,recover_pass1_candidate
opencode-recover/recover-pass1.csv,,ELE-D/L-MEG-YTA65Z2-12W,PCS,Megaman A65 E27 LED Bulb,https://megaman.com.my/product/led-g-a-bulb/,https://megaman.com.my/wp-content/uploads/2020/12/1-min.jpg,,A,needs_permission,recover_pass1_candidate
opencode-recover/recover-pass1.csv,,ELE-D/L-MEG-YTA70Z1-15W-3000K,PCS,Megaman A70 E27 LED Bulb YTA70Z1 15W/3000K,https://megaman.com.my/product/led-g-a-bulb/,https://megaman.com.my/wp-content/uploads/2020/12/1-min.jpg,,A,needs_permission,recover_pass1_candidate
opencode-recover/recover-pass1.csv,,STA-PRE-WAS-BEPW1600L,UNIT,Black+decker Pressure Washer L 110 BAR,https://asia.blackanddecker.global/product/bepw1600l-xd/110-bar-pressure-washer,https://asia.blackanddecker.global/ASIA/PRODUCT/IMAGES/HIRES/BEPW1600L_1.jpg,,A,needs_permission,recover_pass1_candidate
opencode-recover/recover-pass1.csv,,"EXH-FAN-KHI-10""-WHI-EF1001",SET,Khind 10 Exhaust Fan (off White),https://khind.com.my/products/khind-exhaust-fan-ef1001,http://khind.com.my/cdn/shop/files/ef1001_010223112124.jpg?v=1751809533,,A,needs_permission,recover_pass1_candidate
opencode-recover/recover-pass1.csv,,BOS-0601-068-000,UNIT,Gol 26D Optical Leveller,https://www.bosch-pt.com.my/my/en/products/gol-26-d-0601068000,https://www.bosch-pt.com.my/binary/ocsmedia/optimized/750x422/o451656v54_GOL_26_D_SOS_0601068000_f4_V2.png,,A,needs_permission,recover_pass1_candidate
opencode-recover/recover-pass1.csv,,KHI-COO-RC806N,SET,Khind 0.6L Rice Cooker (light Winter GREY)-RC806N,https://khind.com.my/products/khind-electric-rice-cooker-light-winter-grey,http://khind.com.my/cdn/shop/files/rc806n-wh-cover-lightwintergrey_111021153752_e42fbdf3-0718-455a-8986-c57ca0bc3154.jpg?v=1751809474,,A,needs_permission,recover_pass1_candidate
opencode-recover/recover-pass1.csv,,KHI-TOA-BT808,SET,Khind Bread Toaster (mint),https://khind.com.my/products/khind-2-slices-bread-toaster-with-anti-dust-cover-bt808,http://khind.com.my/cdn/shop/files/BT808_cover_WH.jpg?v=1751809360,,A,needs_permission,recover_pass1_candidate
opencode-recover/recover-pass1.csv,,STA-PRE-WAS-BCPC20D1,UNIT,Black+decker 20V Power Cleaner,https://asia.blackanddecker.global/product/bcpc20d1-b1/pressure-gun-cleaning-battery-20v-350-psi,https://asia.blackanddecker.global/ASIA/PRODUCT/IMAGES/HIRES/BCPC20D1_6.jpg,,A,needs_permission,recover_pass1_candidate
opencode-recover/recover-pass1.csv,,STI-BRU-CUT-FR3001,UNIT,Stihl Brush Cutter,https://stihl-thk.com.my/products/fr-3001/,https://stihl-thk.com.my/wp-content/uploads/2023/03/FR-3001.jpg,,A,needs_permission,recover_pass1_candidate
opencode-recover/recover-pass1.csv,,STA-CHO-SSC22,UNIT,Stanley Chopsaw 2200W 355MM,https://my.stanleytools.global/product/ssc22-xd/2200w-355mm-chop-saw,https://my.stanleytools.global/ASIA/PRODUCT/IMAGES/HIRES/SSC22_1.jpg,,A,needs_permission,recover_pass1_candidate
opencode-recover/recover-pass1.csv,,OVEN-KHI-TOA-OT3005,SET,Khind Oven Toaster (black),https://khind.com.my/products/khind-electric-oven-ot3005,http://khind.com.my/cdn/shop/files/OT3005-KOL02_1ecd9a79-1018-4b1d-ac81-dbaaf2223795.jpg?v=1751809728,,A,needs_permission,recover_pass1_candidate
opencode-recover/recover-pass1.csv,,PAI-SPR-SAM-2K01,PCS,Samurai Clearcoat Spray,https://samuraipaint.com/products/2k01-top-coat-clear,https://samuraipaint.com/cdn/shop/files/2K01_467e5ff6-2529-4889-b249-e99de298513f.jpg,,A,needs_permission,recover_pass1_candidate
opencode-recover/recover-pass1.csv,,BOS-0611-338-9L1,UNIT,Gsh 5MX Demolition Hammer,https://www.bosch-pt.com.my/my/en/products/gsh5mx-06113389L1,https://www.bosch-pt.com.my/binary/ocsmedia/optimized/750x422/o596317v54_o587462v12.png,,A,needs_permission,recover_pass1_candidate
opencode-recover/recover-pass1.csv,,ELE-D/L-MEG-YTP38Z1-10W,PCS,Megaman LED Stick Bulb E27 YTP38Z1 10W/6500K,https://megaman.com.my/product/led-stick/,https://megaman.com.my/wp-content/uploads/2020/12/Untitled-8-2.jpg,,A,needs_permission,recover_pass1_candidate
opencode-recover/recover-pass1.csv,,STA-POL-SP137,UNIT,Stanley 1300W 180MM Polisher,https://my.stanleytools.global/product/sp137-xd/1300w-180mm-polisher,https://my.stanleytools.global/ASIA/PRODUCT/IMAGES/HIRES/SP137_1.jpg,,A,needs_permission,recover_pass1_candidate
opencode-recover/recover-pass1.csv,,ELE-D/L-MEG-YTP38Z1-10W-4000K,PCS,Megaman LED Stick Bulb E27 YTP38Z1 10W/4000K,https://megaman.com.my/product/led-stick/,https://megaman.com.my/wp-content/uploads/2020/12/Untitled-8-2.jpg,,A,needs_permission,recover_pass1_candidate
opencode-recover/recover-pass1.csv,,FAN-CEI-DEKA-CCNL54RG12,UNIT,Deka Ceiling Fan Geno Rose Gold,https://deka.my/geno-54-led/,https://deka.my/wp-content/uploads/2025/07/GENO-54LED-RG-Jpg.jpg,,A,needs_permission,recover_pass1_candidate
opencode-recover/recover-pass1.csv,,FAN-FLO-KHI-FF1803B,SET,Floor Fan 18,https://khind.com.my/products/khind-18-industrial-floor-fan,http://khind.com.my/cdn/shop/files/ff1803b_220923182730.jpg?v=1751809195,,A,needs_permission,recover_pass1_candidate
opencode-recover/recover-pass1.csv,,BOS-0601-387-0L0,UNIT,Gex Eccentric Disc Sander 125-1A,https://www.bosch-pt.com.my/my/en/products/gex-125-1-a-06013870L0,https://www.bosch-pt.com.my/my/en/ocsmedia/275485-82/product-image/166x164/random-orbit-sander-pro-gex-125-1-ae-06013870l0.png,,A,needs_permission,recover_pass1_candidate
opencode-recover/recover-pass1.csv,,ELE-D/L-MEG-YTG45Z1-5W,PCS,Megaman G45 E27 LED Bulb YTG45Z1/5W 5W/6500K,https://megaman.com.my/product/led-g-a-bulb/,https://megaman.com.my/wp-content/uploads/2020/12/1-min.jpg,,A,needs_permission,recover_pass1_candidate
opencode-recover/recover-pass1.csv,,TAP-SAN-SWS-304-3964,PCS,Saniware Sliver Kitchen W Sink Tap,https://saniware.com/product/sws-304-3964/,https://saniware.com/wp-content/uploads/2021/03/SWS-304-3964.jpg,,A,needs_permission,recover_pass1_candidate
opencode-recover/recover-pass1.csv,,JUG-KHI-KET-EK5813,SET,Khind 1.7L Jug Kettle (white),https://khind.com.my/products/khind-electric-jug-kettle-ek5813,http://khind.com.my/cdn/shop/files/ek5813_220523154827.jpg?v=1751809735,,A,needs_permission,recover_pass1_candidate
opencode-recover/recover-pass1.csv,,"HOS-FLE-GLO-60""",PCS,Glotool Flexible Tube F1/2 X F12 X 60,https://www.sonichardware.com.my/categories-listing/product/2116-glotool-flexible-tube-stainless-steel-f1-2-x-f1-2,https://www.sonichardware.com.my/images/com_hikashop/upload/01_1223683543.jpg,,A,needs_permission,recover_pass1_candidate
opencode-recover/recover-pass1.csv,,BOS-0601-9K3-0L2,UNIT,Gsr Batt. Screwdriver 185-LI,https://www.bosch-pt.com.my/my/en/products/gsr-185-li-06019K30L2,https://www.bosch-pt.com.my/my/en/ocsmedia/363991-54/scope-of-supply-image/1434x828/cordless-drill-driver-pro-gsr-185-li-06019k30l2.png,,A,needs_permission,recover_pass1_candidate
opencode-recover/recover-pass1.csv,,CHA-SAW-STIHL-MS230,UNIT,Stihl Chainsaw 18 Stihl Chain & Guide BAR,https://stihl-thk.com.my/products/ms-230/,https://stihl-thk.com.my/wp-content/uploads/2021/04/9ba6436ebe224792bd67edd7d604992a-1.jpg,,B,needs_permission,recover_pass1_candidate
opencode-recover/recover-pass1.csv,,FAN-CEI-DEKA-CX156BK12,UNIT,Deka Ceiling Fan X-one 56 Blk,https://deka.my/x-one-56/,https://deka.my/wp-content/uploads/2025/11/X-ONE-56-2560X2560-BK.png,,A,needs_permission,recover_pass1_candidate
opencode-recover/recover-pass1.csv,,BOS-0600-8A7-FLO,UNIT,Easy Aqt 110 High P/cleaner,https://www.bosch-diy.com/my/en/p/easyaquatak-110-06008a7fl0,https://www.bosch-diy.com/imagestorage/en-my/easyaquatak-110-100044179-hires-png-rgb-oneux-263458_w_1600_h_800.png,,A,needs_permission,recover_pass1_candidate
opencode-recover/recover-pass1.csv,,STA-HAM-BRU-SBH900M2K,UNIT,Stanley Fatmax V20 Brushless Sds Plus Hammer Drill,https://my.stanleytools.global/product/sbh900m2k-b1/20v-brushless-sds-hammer,https://my.stanleytools.global/ASIA/PRODUCT/IMAGES/HIRES/SBH900M2K_1.jpg,,A,needs_permission,recover_pass1_candidate
opencode-recover/recover-pass1.csv,,TAR-SHT-GT2-O/B-6',COIL,Glotool PE Trap (GT-02) 6'X70YDS,https://www.sonichardware.com.my/product/product/1173-pe-tarp-orange-blue,https://www.sonichardware.com.my/images/com_hikashop/upload/08_1145225809.jpg,,A,needs_permission,recover_pass1_candidate
opencode-recover/recover-pass1.csv,,BOS-0600-8A7-AL0,UNIT,Aquatak 125 High P/cleaner,https://www.bosch-diy.com/my/en/p/universalaquatak-125-06008a7al0,https://www.bosch-diy.com/imagestorage/en-my/universalaquat-125-100043700-hires-png-rgb-oneux-244958_w_1600_h_800.png,,A,needs_permission,recover_pass1_candidate
opencode-recover/recover-pass1.csv,,BOS-0601-6A0-0L0,UNIT,Gkf 550 Router,https://www.bosch-pt.com.my/my/en/products/gkf-550-06016A00L0,https://www.bosch-pt.com.my/my/en/ocsmedia/316066-82/product-image/166x164/palm-router-pro-gkf-550-06016a00l0.png,,A,needs_permission,recover_pass1_candidate
opencode-recover/recover-pass1.csv,,STA-HIGH-PRE-WAS-K2,UNIT,Karcher K2 Power Vps High Pressure Washer,https://www.karcher.com/my/en/home-and-garden/products/k2-power-vps-kap-p11180010,https://d1y4tv7o00gnfq.cloudfront.net/mam/11180010/mainproduct/166106/d2.jpg,,A,needs_permission,recover_pass1_candidate
opencode-recover/recover-pass1.csv,,STA-PRE-WAS-K3-DEL,UNIT,Karcher Pressure Washer K3 Deluxe Premium,https://www.karcher.com/my/en/home-and-garden/products/k-3-deluxe-premium-p16032200,https://d1y4tv7o00gnfq.cloudfront.net/mam/16032200/mainproduct/194232/d2.jpg,,A,needs_permission,recover_pass1_candidate
opencode-recover/recover-pass1.csv,,X-STA-PRE-WAS-K4,UNIT,Karcher K4 Basic High Pressure Cleaner,https://www.karcher.com/my/en/home-and-garden/products/k-4-basic-p11800800,https://d1y4tv7o00gnfq.cloudfront.net/mam/11800800/mainproduct/72592/d2.jpg,,A,needs_permission,recover_pass1_candidate
opencode-recover/recover-pass1.csv,,BOS-2608-600-017,PCS,4 Grinding Disc,https://www.bosch-pt.com.my/my/en/pro-metal-bonded-grinding-disc-for-small-angle-grinders-bore-16-mm-osa-3090859-ocs-ac/,https://www.bosch-pt.com.my/my/en/ocsmedia/470318-82/product-image/272x153/pro-metal-grinding-disc-100-x-6-x-16-mm-2608600017.png,,A,needs_permission,recover_pass1_candidate
opencode-recover/recover-pass1.csv,,AGR-NET-SUN-GLO-70%,ROLL,Glotool Sun Shade Netting (70%),https://sonichardware.com.my/categories-listing/product/2378-glotool-sun-shade-netting-70,https://sonichardware.com.my/images/com_hikashop/upload/01_379559507.jpg,,A,needs_permission,recover_pass1_candidate
opencode-recover/recover-pass1.csv,,SIN-CKS7406,PCS,Cabana Kitchen Sink CKS7406,https://cabana.com.my/index.php/products/kitchen/kitchen-sink/undermount-kitchen-sink/cks7406-detail,https://cabana.com.my/images/virtuemart/product/CKS7406-02.jpg,,A,needs_permission,recover_pass1_candidate
opencode-recover/recover-pass1.csv,,DC-DCSM03-100EK,SET,Cordless Brushless Angle Grinder 20V,https://www.dongchengtool.com/product/detail/1642205372810,https://dongcheng.obs.ap-southeast-1.myhuaweicloud.com/cms/2024/10/20/1732062890048/DCSM03-100.jpg,,B,needs_permission,recover_pass1_candidate
opencode-recover/recover-pass1.csv,,PUM-WTR-JHP4-40,UNIT,Water Pump Complete Set JHP4-40,https://www.joven-electric.com/my/jhp-4-40-water-pump.html,https://www.joven-electric.com/media/catalog/product/cache/be45d83139bc2950f7fdc035c8252966/5/1/5130309001-1.jpg,,A,needs_permission,recover_pass1_candidate
opencode-recover/recover-pass1.csv,,BAT-ENE-MAX-AA4PCS,PCK,En Max Aa 4 Pc,https://energizer.com/product/power/energizer-max/energizer-max-aa-batteries-4-pack-double-a-alkaline-batteries/,https://energizer.com/wp-content/uploads/2025/01/gootcdmcp1lqthizyrjt.jpg,,B,needs_permission,recover_pass1_candidate
opencode-recover/recover-pass1.csv,,BAT-ENE-MAX-AAA4PCS,PCK,En Max Aaa 4 Pc,https://energizer.com/product/power/energizer-max/energizer-max-aaa-batteries-4-pack-triple-a-alkaline-batteries/,https://energizer.com/wp-content/uploads/2025/01/ENR_MAX_AAA_Dash_E92BP-4_BlisterCard_Hero_Image_Front_UPN-188575_NA.png,,B,needs_permission,recover_pass1_candidate
opencode-recover/recover-pass1.csv,,"DRA-COV-TEC-GRE-9""X17""",PCS,Techplas 9 X 17 Drain Cover - Grey,https://techplas.com.my/products/injection-moulded-products/drain-cover/otd-5120,https://techplas.com.my/wp-content/uploads/2022/08/OTD-5120.jpg,,A,needs_permission,recover_pass1_candidate
opencode-recover/recover-pass1.csv,,TAP-SAN-SWS-304-3977,PCS,,https://saniware.com/product/sws-304-3977/,https://saniware.com/wp-content/uploads/2021/03/SWS-304-3977.jpg,,A,needs_permission,recover_pass1_candidate
opencode-recover/recover-pass1.csv,,TAP-SAN-SWS-304-3978,PCS,,https://saniware.com/product/sws-304-3978/,https://saniware.com/wp-content/uploads/2021/03/SWS-304-3978.jpg,,A,needs_permission,recover_pass1_candidate
opencode-recover/recover-pass1.csv,,VAL-SAN-SW-SS-AV-80,PCS,,https://saniware.com/product/sw-ss-av-80/,https://saniware.com/wp-content/uploads/2021/03/SW-SS-AV-80-1.jpg,,A,needs_permission,recover_pass1_candidate
opencode-recover/recover-pass1.csv,,DC-DZC04-28,SET,,https://www.dongchengtool.com/product/detail/1646622425349,https://dongcheng.obs.ap-southeast-1.myhuaweicloud.com/cms/2024/10/27/1732670389744/DZC04-28.jpg,,A,needs_permission,recover_pass1_candidate
opencode-recover/recover-pass1.csv,,DC-DCJZ03-13EK-20V,SET,,https://www.dongchengtool.com/product/detail/1641398181688,https://dongcheng.obs.ap-southeast-1.myhuaweicloud.com/cms/2023/7/1/1690874744208/DCJZ03-13-05.png,,A,needs_permission,recover_pass1_candidate
opencode-recover/recover-pass1.csv,,DCPB488EK,SET,,https://www.dongchengtool.com/product/detail/1642127635550,https://dongcheng.obs.ap-southeast-1.myhuaweicloud.com/cms/2024/10/20/1732082320672/DCPB488.jpg,,A,needs_permission,recover_pass1_candidate
opencode-recover/recover-pass1.csv,,BID-CAB-CB91SS-BL-DIY,PCS,,https://cabana.com.my/index.php/products/bathroom/bidet/cb90ss-bl-diy-detail,https://cabana.com.my/images/virtuemart/product/CB91SS-BL-DIY-01.jpg,,A,needs_permission,recover_pass1_candidate
opencode-recover/recover-pass1.csv,,DCJZ1202ITD,SET,,https://www.dongchengtool.com/product/detail/1732091513548,https://dongcheng.obs.ap-southeast-1.myhuaweicloud.com/cms/2024/10/26/1732589719476/DCJZ1202iTD.jpg,,A,needs_permission,recover_pass1_candidate
opencode-recover/recover-pass1.csv,,DC-DSM17-100B,SET,,https://www.dongchengtool.com/product/detail/1646361281809,https://dongcheng.obs.ap-southeast-1.myhuaweicloud.com/cms/2024/10/26/1732600801751/DSM17-100B.jpg,,A,needs_permission,recover_pass1_candidate
opencode-recover/recover-pass1.csv,,NUM-PUNC-50730080,SET,Nietz 0-9 Number Punches 8MM 50730080,https://nietz.com.my/product/0-9-number-punches-font-german-pointed/,https://nietz.com.my/wp-content/uploads/2024/06/92_50730030-until-50730120.png,,B,needs_permission,recover_pass1_candidate
