item_code,uom,display_name,category,stock_qty,price_myr,priority_score,priority_tier,detected_brand,detected_model,suggested_family_key,family_listing_count,candidate_page_url,candidate_image_url,source_owner,rights_status,match_confidence,review_status,image_url,local_asset_path,checksum,notes
JOV-WAT-HEA-SL30IP-BLK-RS,PCS,Joven (black) Instant Water Heater SL30IP-RS,Home Appliances,6,700.00,96.8,1,Joven,SL30IP-RS,joven:joven-instant-water-heater-sl30ip-rs,2,https://www.joven-electric.com/my/products/instant-water-heater/sl30-series.html,,Joven Marketing Sdn Bhd,pending,C,candidate,,,,Official page confirms SL30iP-RS but black finish and package contents still need visual verification.
JOV-WAT-HEA-SL30IP-BLK,PCS,Joven (black) Instant Water Heater SL30IP,Home Appliances,7,559.00,96.7,1,Joven,SL30IP,joven:joven-instant-water-heater-sl30ip,2,https://www.joven-electric.com/my/products/instant-water-heater/sl30-series.html,,Joven Marketing Sdn Bhd,pending,C,candidate,,,,Official page confirms SL30iP but black finish and package contents still need visual verification.
JOV-WAT-HEA-SL30IP-WHI,PCS,Joven (white) Instant Water Heater SL30IP,Home Appliances,5,499.00,94.8,1,Joven,SL30IP,joven:joven-instant-water-heater-sl30ip,2,https://www.joven-electric.com/my/products/instant-water-heater/sl30-series.html,,Joven Marketing Sdn Bhd,pending,C,candidate,,,,Official page confirms SL30iP but white finish and package contents still need visual verification.
JOV-WAT-HEA-SL30IP-WHI-RS,PCS,Joven (white) Instant Water Heater SL30IP-RS,Home Appliances,4,669.00,94.8,1,Joven,SL30IP-RS,joven:joven-instant-water-heater-sl30ip-rs,2,https://www.joven-electric.com/my/products/instant-water-heater/sl30-series.html,,Joven Marketing Sdn Bhd,pending,C,candidate,,,,Official page confirms SL30iP-RS but white finish and package contents still need visual verification.
JOV-WAT-HEA-SA20E,PCS,Joven Instant Water Heater,Home Appliances,18,320.00,91.1,1,Joven,SA20E,joven:joven-instant-water-heater,1,https://www.joven-electric.com/my/products/instant-water-heater/sa-series.html,,Joven Marketing Sdn Bhd,pending,A,candidate,,,,Official SA Series page lists SA20e; obtain dealer media permission before download.
SIN-SOR-SRTKS2406,PCS,Sorento S/s 304 Kitchen Sink Ultrasonic Nano Tech SRTS2406,Kitchen & Sinks,2,569.00,90.8,1,Sorento,SRTS2406,sorento:sorento-s-s-304-kitchen-sink-ultrasonic-nano,2,https://www.sorento.com.my/media/attachments/2024/09/19/sorento-catalog-2024.pdf,,Sorento,pending,A,candidate,,,,Official Sorento catalogue contains exact model SRTKS2406; commercial image permission still required.
JOV-WAT-HEA-SA8E,PCS,Joven SA8E Instant Water Heater,Home Appliances,16,288.00,90.6,1,Joven,SA8E,joven:joven-sa8e-instant-water-heater,1,https://www.joven-electric.com/my/products/instant-water-heater/sa-series.html,,Joven Marketing Sdn Bhd,pending,A,candidate,,,,Official SA Series page lists SA8e; obtain dealer media permission before download.
SIN-SOR-SRTKS2408,PCS,Sorento S/s 304 Kitchen Sink Ultrasonic Nano Tech SRTKS2408,Kitchen & Sinks,1,1149.00,90.5,1,Sorento,SRTKS2408,sorento:sorento-s-s-304-kitchen-sink-ultrasonic-nano,2,https://www.sorento.com.my/media/attachments/2024/09/19/sorento-catalog-2024.pdf,,Sorento,pending,A,candidate,,,,Official Sorento catalogue contains exact model SRTKS2408; commercial image permission still required.
TOI-TRP-WC-2122A-P,SET,Saniware Washdown Two-piece Closet WC-2122A-P180MM,Bathroom,2,469.00,90.2,1,Saniware,WC-2122A-P180MM,saniware:saniware-washdown-two-piece-closet-wc-p180mm,2,https://saniware.com/product-category/water-closet/page/8/,,Saniware,pending,C,candidate,,,,Official site confirms WC-2122A family but found S-trap variants; P180 configuration still needs exact verification.
TOI-TRP-WC2110A-P,SET,Saniware Washdown Two-piece Closet WC-2110A-P180MM,Bathroom,2,519.00,90.2,1,Saniware,WC-2110A-P180MM,saniware:saniware-washdown-two-piece-closet-wc-p180mm,2,https://saniware.com/product-category/water-closet/page/8/,,Saniware,pending,C,candidate,,,,Official site confirms WC-2110A family but found S-trap variants; P180 configuration still needs exact verification.
JOV-WAT-HEA-SL30E-WHI-RS,PCS,Joven (white) Instant Water Heater SL30E-RS,Home Appliances,9,499.00,90.1,1,Joven,SL30E-RS,joven:joven-instant-water-heater-sl30e-rs,1,https://www.joven-electric.com/my/products/instant-water-heater/sl30-series.html,,Joven Marketing Sdn Bhd,pending,C,candidate,,,,Official page confirms SL30e-RS but stocked white finish and package contents still need visual verification.
SHO-SAN-SWP-BSP-9003G,PCS,Saniware Premier 3WAY Bath Expose Shower Set-mixer (gold),Bathroom,1,1128.00,90.1,1,Saniware,3WAY,saniware:saniware-premier-3way-bath-expose-shower-set-mixer,2,,,,pending,,pending,,,,
SHO-SAN-SWP-BSP-9003RG,PCS,Saniware Premier 3WAY Bath Expose Shower Set-mixer (rose Gold),Bathroom,1,1129.00,90.1,1,Saniware,3WAY,saniware:saniware-premier-3way-bath-expose-shower-set-mixer,2,,,,pending,,pending,,,,
TAP-SAN-SWP-RG-304-3905,PCS,Saniware Premier Kitchen Pillar Sink Tap-rg SWP-RG-304-3905,Kitchen & Sinks,3,249.00,89.8,1,Saniware,SWP-RG-304-3905,saniware:saniware-premier-kitchen-pillar-sink-tap-rg-swp,2,,,,pending,,pending,,,,
FAN-CEI-DEKA-CF5DCL46MB12,UNIT,Deka Ceiling Fan F5 DC~46L Pro Matt Blk,Fans & Ventilation,3,238.00,89.7,1,Deka,DC~46L,deka:deka-ceiling-fan-f5-dc-pro-matt-blk,2,https://deka.my/wp-content/uploads/2026/01/F5-DC-PRO-DX-PRO-IM.pdf,,Deka,pending,C,candidate,,,,Official F5 DC Pro manual confirms product family; 46-inch matt-black package must be verified.
ELE-BUL-E27-3W-RED,PCS,Taicon E27 3W LED Color Bulb-red,Lighting,166,2.50,89.5,1,Taicon,E27,taicon:taicon-e27-led-color-bulb,3,,,,pending,,pending,,,,
TAP-SAN-SWP-B-2521,PCS,Saniware Premier Basin Pillar Tap-mixer SWP-B-2521,Bathroom,3,238.00,89.5,1,Saniware,SWP-B-2521,saniware:saniware-premier-basin-pillar-tap-mixer-swp-b,4,https://saniware.com/product-category/faucet/mixer-series/,,Saniware,pending,A,candidate,,,,Official Saniware category lists exact SWP-B-2521 basin pillar mixer.
JOV-WAT-HEA-SB11IP-BLK-RS,PCS,Joven (blk) Instant Water Heater,Home Appliances,5,769.00,89.4,1,Joven,SB11IP-RS,joven:joven-blk-instant-water-heater,1,https://www.joven-electric.com/my/products/instant-water-heater/sb11-series.html,,Joven Marketing Sdn Bhd,pending,C,candidate,,,,Official SB11 page confirms SB11iP-RS; stocked black finish and electrical loading still need label verification.
RUB-TAE11-M330,UNIT,Rubine C/hood,Home Appliances,1,3990.00,89.3,1,Rubine,RCH-NOVARA-90SS,rubine:rubine-c-hood,1,,,,pending,,pending,,,,
STA-ROT-HAM-SHR263KA,UNIT,Stanley Rotary Hammer 26MM,Power Tools,4,559.00,89.0,1,Stanley,SHR263KA,stanley:stanley-rotary-hammer,2,,,,pending,,pending,,,,
TAP-SAN-SWP-B-3023,PCS,Saniware Premier Basin Pillar Cold Tap (rose Gold) SWP-B-3023,Bathroom,2,295.00,89.0,1,Saniware,SWP-B-3023,saniware:saniware-premier-basin-pillar-cold-tap-rose-swp,2,,,,pending,,pending,,,,
OVEN-RUB-TAE13-M266,UNIT,Rubine Built-in Oven RBO-IA8X-70SS,Home Appliances,2,2590.00,88.9,1,Rubine,RBO-IA8X-70SS,rubine:rubine-built-in-oven-rbo-ia8x-70ss,1,https://www.rubine.com.my/manual-download.php?parent_id=all,,Rubine Malaysia,pending,A,candidate,,,,Official Rubine manual page lists exact RBO-IA8X-70SS model.
KHI-COO-RC3636,SET,3.6L Rice Cooker (cool Grey),Home Appliances,2,245.00,88.7,1,Khind,KHIND-RC365,khind:rice-cooker-cool,2,https://khind.com.my/products/khind-rice-cooker-rc360,,Khind Malaysia,pending,C,rejected,,,,AutoCount description and original model data conflict with the official RC360/RC365 family; owner photo or exact label check required.
SHO-SOR-SRTSA830,PCS,Sorento 450MM Shower Arm,Bathroom,6,89.00,88.7,1,Sorento,SRTSA830,sorento:sorento-shower-arm,2,https://sorento.com.my/bathroom/shower-bidet/shower-arm/srtsa830-detail,,Sorento,pending,A,candidate,,,,Official product page matches SRTSA830 and 450mm SS304 shower arm.
SHO-SOR-SRTSA860-GM,PCS,Sorento 400MM Shower Arm,Bathroom,4,139.00,88.6,1,Sorento,SRTSA860-GM,sorento:sorento-shower-arm,2,https://www.sorento.com.my/media/attachments/2024/09/19/sorento-catalog-2024.pdf,,Sorento,pending,A,candidate,,,,Official catalogue matches SRTSA860-GM 400mm gunmetal SS304 shower arm.
JOV-WAT-HEA-SB11IP-WHI,PCS,Joven (white) Instant Water Heater SB11IP,Home Appliances,5,579.00,88.5,1,Joven,SB11IP,joven:joven-instant-water-heater-sb11ip,1,https://www.joven-electric.com/my/products/instant-water-heater/sb11-series.html,,Joven Marketing Sdn Bhd,pending,C,candidate,,,,Official SB11 page confirms SB11iP; stocked white finish and electrical loading still need label verification.
TAP-SAN-SWP-SS-304-3940-RG,PCS,Saniware Premier Kitchen Pillar Sink Tap-rg SWP-SS-304-3940-RG,Kitchen & Sinks,2,288.00,88.4,1,Saniware,SWP-SS-304-3940-RG,saniware:saniware-premier-kitchen-pillar-sink-tap-rg-swp,2,,,,pending,,pending,,,,
TOI-TRP-WC2300-S,SET,Saniware One Piece Washdown Closet,Bathroom,5,669.00,88.3,1,Saniware,WC2300-S250MM,saniware:saniware-one-piece-washdown-closet,1,,,,pending,,pending,,,,
FAN-STA-KHI-SF1682,SET,Khind 16 Stand Fan,Fans & Ventilation,3,149.00,88.2,1,Khind,SF1682SE,khind:khind-16-stand-fan,2,https://khind.com.my/products/khind-12-and-16-real-guard-lock,,Khind Malaysia,pending,C,candidate,,,,Official spare-part page confirms SF1682 as a valid model but is not a product-image source.
ELE-BUL-E27-15W-RED,PCS,Taicon E27 Stick Bulb Red 15W,Lighting,28,10.50,88.0,1,Taicon,E27,taicon:taicon-e27-stick-bulb,2,,,,pending,,pending,,,,
TAP-SAN-SWP-B-3213,PCS,Saniware Premier Tall Basin Cold Tap,Bathroom,3,145.00,88.0,1,Saniware,SWP-SS-304-3213,saniware:saniware-premier-tall-basin-cold-tap,2,,,,pending,,pending,,,,
JOV-WAT-HEA-SL30IP-WHI-AWB,PCS,Joven (white) Instant Water Heater SL30IP-AWB,Home Appliances,5,489.00,87.9,1,Joven,SL30IP-AWB,joven:joven-instant-water-heater-sl30ip-awb,1,,,,pending,,pending,,,,
TOI-TRP-WC2098RL-S,SET,Saniware Washdown One Piece Closet-rimless,Bathroom,5,599.00,87.9,1,Saniware,WC2098RL-S250MM,saniware:saniware-washdown-one-piece-closet-rimless,1,,,,pending,,pending,,,,
SIN-SOR-SRTKS2429-BL,PCS,Sorento S/steel 304 Kitchen Sink-black,Kitchen & Sinks,4,899.00,87.8,1,Sorento,SRTKS2429-BL,sorento:sorento-s-steel-304-kitchen-sink,1,https://sorento.com.my/result/floor-standing-water-closet__or__nanomagma__or__others__or__seat-cover__or__semi-recessed-basin__or__squatting-pan__or__toilet-safety-handrail__or__under-mount__or__water-closet-accessories,,Sorento,pending,A,candidate,,,,Official Sorento result page lists exact SRTKS2429-BL SS304 undermount sink.
TAP-SAN-SWP-B-2934,PCS,Saniware Premier Basin Pillar Tap-mixer (gold) SWP-B-2934,Bathroom,1,485.00,87.8,1,Saniware,SWP-B-2934,saniware:saniware-premier-basin-pillar-tap-mixer-swp-b,4,,,,pending,,pending,,,,
TAP-SAN-SWP-B-2931,PCS,Saniware Premier Basin Pillar Tap-mixer (matt Black) SWP-B-2931,Bathroom,1,468.00,87.7,1,Saniware,SWP-B-2931,saniware:saniware-premier-basin-pillar-tap-mixer-matt-swp,2,https://saniware.com/product-category/faucet/mixer-series/,,Saniware,pending,A,candidate,,,,Official Saniware category lists exact SWP-B-2931 basin pillar mixer.
TAP-SAN-SWP-B-2930,PCS,Saniware Premier Basin Pillar Tap-mixer SWP-B-2930,Bathroom,1,438.00,87.3,1,Saniware,SWP-B-2930,saniware:saniware-premier-basin-pillar-tap-mixer-swp-b,4,https://saniware.com/product-category/faucet/mixer-series/,,Saniware,pending,A,candidate,,,,Official Saniware category lists exact SWP-B-2930 basin pillar mixer.
IND-RIC-COO-RC7878,SET,5.6L Rice Cooker (cool Grey),Home Appliances,1,338.00,87.2,1,Khind,KHIND-RC565,khind:rice-cooker-cool,2,,,,pending,,pending,,,,
FAN-STA-KHI-SF1663H,SET,Khind 16 Stand Fan (black),Fans & Ventilation,2,155.00,87.1,1,Khind,SF1663H,khind:khind-16-stand-fan,2,https://khind.com.my/products/16-stand-fan,,Khind Malaysia,pending,A,candidate,,,,Official Khind product page matches SF1663H black 16-inch stand fan.
TAP-SAN-SWP-B-2924,PCS,Saniware Premier Basin Pillar Tap-mixer (gold) SWP-B-2924,Bathroom,1,399.00,87.1,1,Saniware,SWP-B-2924,saniware:saniware-premier-basin-pillar-tap-mixer-swp-b,4,,,,pending,,pending,,,,
TAP-SAN-SWP-B-2921,PCS,Saniware Premier Basin Pillar Tap-mixer (matt Black) SWP-B-2921,Bathroom,1,398.00,86.9,1,Saniware,SWP-B-2921,saniware:saniware-premier-basin-pillar-tap-mixer-matt-swp,2,https://saniware.com/product-tag/mixer-series/,,Saniware,pending,A,candidate,,,,Official Saniware category lists exact SWP-B-2921 basin pillar mixer.
CAB-SAN-SWBC-SS6615,SET,Saniware Bathroom Cabinet Set Water Tap SWBC-SS6615,Bathroom,3,749.00,86.8,1,Saniware,SWBC-SS6615,saniware:saniware-bathroom-cabinet-set-water-tap-swbc-ss6615,1,,,,pending,,pending,,,,
GAS-STO-RUB-TAE10-M523,UNIT,Rubine Glass Hob RGH-LOTOFLEXI2B-BLFX,Kitchen & Sinks,1,1750.00,86.8,1,Rubine,RGH-LOTOFLEXI2B-BLFX,rubine:rubine-glass-hob-rgh-lotoflexi2b-blfx,1,https://www.rubine.com.my/manual-download.php?parent_id=all,,Rubine Malaysia,pending,A,candidate,,,,Official Rubine manual page lists exact RGH-LOTOFLEXI2B-BLFX model.
TAP-SAN-SWP-SS-304-3970-MB,PCS,Saniware Premier Flexible Hose Pillar Sink Tap Waterfall (matt Blk),Kitchen & Sinks,1,338.00,86.6,1,Saniware,SWP-SS-304-3970-MB,saniware:saniware-premier-flexible-hose-pillar-sink-tap-waterfall,2,,,,pending,,pending,,,,
TOI-TRP-WC-8826-S,SET,Sorento Washdown Flushing Tech,Bathroom,3,769.00,86.6,1,Sorento,TECH.SRTWC8826-S-RL,sorento:sorento-washdown-flushing-tech,1,,,,pending,,pending,,,,
CAB-SAN-SWBC-SS6411,SET,Saniware Bathroom Cabinet Set Water Tap SWBC-SS6411,Bathroom,4,499.00,86.4,1,Saniware,SWBC-SS6411,saniware:saniware-bathroom-cabinet-set-water-tap-swbc-ss6411,1,,,,pending,,pending,,,,
SHO-HAN-SWP-HS-502,SET,Saniware Premier Hand Shower With Flexible Hose SWP-HS-502,Bathroom,4,76.00,86.4,1,Saniware,SWP-HS-502,saniware:saniware-premier-hand-shower-with-flexible-hose-swp,2,,,,pending,,pending,,,,
FAN-CEI-KHI-WHI-CF618,SET,Khind - 60 Ceiling Fan,Fans & Ventilation,9,189.00,86.3,1,Khind,CF618,khind:khind-60-ceiling-fan,1,https://khind.com.my/collections/user-manuals?page=28,,Khind Malaysia,pending,C,candidate,,,,Official manual collection confirms CF618; stocked white finish and package quantity need verification.
OVEN-RUB-TAE13-M265,UNIT,Rubine Built-in Oven RBO-IA6X-70SS,Home Appliances,1,2290.00,86.3,1,Rubine,RBO-IA6X-70SS,rubine:rubine-built-in-oven-rbo-ia6x-70ss,1,https://www.rubine.com.my/offers/kitchen-appliances-2018-october.pdf,,Rubine Malaysia,pending,A,candidate,,,,Official Rubine publication lists exact RBO-IA6X-70SS model.
TAP-SAN-SWP-SS-304-3970,PCS,Saniware Premier Flexible Hose Pillar Sink Tap Waterfall,Kitchen & Sinks,1,299.00,86.3,1,Saniware,SWP-SS-304-3970,saniware:saniware-premier-flexible-hose-pillar-sink-tap-waterfall,2,,,,pending,,pending,,,,
TOI-TRP-WC-SRTWC8354-SH-UF(250MM),PCS,Sorento Twister Flush Tech,Bathroom,2,1199.00,86.3,1,Sorento,SRTWC8354-SH-UF,sorento:sorento-twister-flush-tech,1,,,,pending,,pending,,,,
SHO-SOR-SRTWT2634-RG,PCS,Sorento Exposed Shower Set (matt Blk+rose Gold),Bathroom,2,1098.00,86.1,1,Sorento,SRTWT2634-RG,sorento:sorento-exposed-shower-set-matt-blk-rose,1,https://sorento.com.my/bathroom/shower-bidet/exposed-shower-set/srtwt2634-rg-detail,,Sorento,pending,A,candidate,,,,Official product page matches SRTWT2634-RG black and rose-gold exposed shower set.
STA-GRI-SG6100,UNIT,Stanley Grinder 620W,Power Tools,8,129.00,86.1,1,Stanley,SG6100,stanley:stanley-grinder,2,,,,pending,,pending,,,,
STA-DRI-SCH10D2K,UNIT,Stanley 12V Tower Up Hammer Drill/driver 2.0AH,Power Tools,19,399.00,85.9,1,Stanley,SCH10D2K,stanley:stanley-tower-up-hammer-drill-driver,1,,,,pending,,pending,,,,
TOI-TRP-WC-2110A-S,SET,Saniware Eco Seat Cover Top&bottom Washdown Two-piece Closet,Bathroom,4,519.00,85.9,1,Saniware,WC-2110A-S250MM,saniware:saniware-eco-seat-cover-top-bottom-washdown-two,1,,,,pending,,pending,,,,
TOI-TRP-WC-2122A-S,SET,Saniware Washdown Closet WC-2122A-S250MM,Bathroom,4,469.00,85.9,1,Saniware,WC-2122A-S250MM,saniware:saniware-washdown-closet-wc-s250mm,1,,,,pending,,pending,,,,
TOI-TRP-WC-SRTWC286-SH-S(250MM),PCS,Sorento One Piece Washdown Flush Tech,Bathroom,2,1099.00,85.8,1,Sorento,SRTWC286-SH-S,sorento:sorento-one-piece-washdown-flush-tech,1,,,,pending,,pending,,,,
TOI-TRP-WC-SRTWC8504-S,PCS,Sorento Washdown W Rimless Flush Tech,Bathroom,2,1099.00,85.8,1,Sorento,SRTWC8504-S,sorento:sorento-washdown-w-rimless-flush-tech,1,,,,pending,,pending,,,,
STA-GRI-SCG400-SOLO,UNIT,Stanley 20V Grinder,Power Tools,3,299.00,85.7,1,Stanley,SCG400,stanley:stanley-grinder,2,,,,pending,,pending,,,,
SHO-SOR-SRTWT2634,PCS,Sorento Exposed Shower Set 3-WAYS SRTWT2634,Bathroom,1,949.00,85.6,1,Sorento,3-WAYS,sorento:sorento-exposed-shower-set-3-ways-srtwt2634,1,https://www.sorento.com.my/index.php/bathroom/shower-bidet/exposed-shower-set/srtwt2634-detail,,Sorento,pending,A,candidate,,,,Official product page matches SRTWT2634 three-way exposed shower set.
STA-ROT-HAM-SHR243KA,UNIT,Stanley Rotary Hammer 24MM,Power Tools,2,439.00,85.6,1,Stanley,SHR243KA,stanley:stanley-rotary-hammer,2,,,,pending,,pending,,,,
SHO-SOR-SRTSH22614-BL,PCS,Sorento 229MM ABS Rain Shower Head (matt Blk),Bathroom,2,119.00,85.5,1,Sorento,SRTSH22614-BL,sorento:sorento-abs-rain-shower-head-matt-blk,2,,,,pending,,pending,,,,
SIN-SOR-SRTKS6091,PCS,Sorento Undermount Kitchen Sink,Kitchen & Sinks,2,899.00,85.4,1,Sorento,SRTKS6091,sorento:sorento-undermount-kitchen-sink,1,https://sorento.com.my/result/filter-tap__or__pillar-mounted__or__under-mount__or__rain-shower-head,,Sorento,pending,A,candidate,,,,Official Sorento result page lists exact SRTKS6091 SS304 undermount sink.
FAN-CEI-LED-RCF-MOZIA56-5BL-BT,PCS,Rubine Blk Timber LED Ceiling Fan,Fans & Ventilation,3,549.00,85.3,1,Rubine,RCF-MOZIA56-5BL-BT,rubine:rubine-blk-timber-led-ceiling-fan,1,,,,pending,,pending,,,,
TOI-TRP-WC-SRTWC8366-S(250MM),PCS,Sorento One Piece Washdown W Rimless Flush Tech,Bathroom,1,1799.00,85.3,1,Sorento,SRTWC8366-S,sorento:sorento-one-piece-washdown-w-rimless-flush-tech,1,,,,pending,,pending,,,,
TOI-TRP-WC-SRTWC8518-SH-S,PCS,Sorento One Piece Twister Flushing Tech,Bathroom,2,949.00,85.3,1,Sorento,SRTWC8518-SH-S,sorento:sorento-one-piece-twister-flushing-tech,1,,,,pending,,pending,,,,
GAS-STO-RUB-TAE10-E102,UNIT,Rubine Ceramic Hob,Kitchen & Sinks,1,1590.00,85.2,1,Rubine,RCE-VULCAN40-BL,rubine:rubine-ceramic-hob,1,,,,pending,,pending,,,,
ELE-BUL-B22-3W-RED,PCS,Taicon B22 3W LED Color Bulb - Red,Lighting,56,2.50,85.1,1,Taicon,B22,taicon:taicon-b22-led-color-bulb,4,,,,pending,,pending,,,,
ELE-BUL-E27-10W-RED,PCS,Taicon E27 Stick Bulb Red 10W,Lighting,17,7.90,85.1,1,Taicon,E27,taicon:taicon-e27-stick-bulb,2,,,,pending,,pending,,,,
MIR-SWBC-SS6414,SET,Saniware Bathroom Cabinet Set Water Tap SWBC-SS6414,Bathroom,2,688.00,85.1,1,Saniware,SWBC-SS6414,saniware:saniware-bathroom-cabinet-set-water-tap-swbc-ss6414,1,,,,pending,,pending,,,,
OVEN-RUB-TAE13-M507,UNIT,Rubine M/wave Oven RMO-934SS-GD34X,Home Appliances,1,2030.00,85.1,1,Rubine,RMO-934SS-GD34X,rubine:rubine-m-wave-oven-rmo-934ss-gd34x,1,https://www.rubine.com.my/manual-download.php?parent_id=all,,Rubine Malaysia,pending,C,candidate,,,,Official page lists RMO-934SS-GD34 while AutoCount includes a trailing X; verify appliance label before use.
SHO-SOR-SRTSH2623-BL,PCS,Sorento 225MM ABS Rain Shower Head Matt Blk,Bathroom,2,99.00,85.1,1,Sorento,SRTSH2623-BL,sorento:sorento-abs-rain-shower-head-matt-blk,2,https://sorento.com.my/result/filter-tap__or__pillar-mounted__or__under-mount__or__rain-shower-head,,Sorento,pending,A,candidate,,,,Official Sorento result page lists exact SRTSH2623-BL 225mm ABS rain shower head.
SIN-SOR-SRTKS2426-BL,PCS,Sorento Kitch. Sink-blk Ultrasonic Nano Tech,Kitchen & Sinks,2,799.00,85.1,1,Sorento,S/S304,sorento:sorento-kitch-sink-blk-ultrasonic-nano-tech,1,https://sorento.com.my/result/filter-tap__or__pillar-mounted__or__under-mount__or__rain-shower-head,,Sorento,pending,A,candidate,,,,Official Sorento result page lists exact SRTKS2426-BL SS304 undermount sink.
SHO-SAN-SWP-BSP-5505B,PCS,Saniware Premier 3WAY Bath Shower Set For Water Heater (black),Bathroom,2,848.00,85.0,1,Saniware,3WAY,saniware:saniware-premier-3way-bath-shower-set-for-water,1,,,,pending,,pending,,,,
TAP-SAN-SWP-SS-304-3950-MB,PCS,Saniware Premier Flexible Hose Kitchen Pillar Sink Tap (matt Blk),Kitchen & Sinks,1,219.00,85.0,1,Saniware,SWP-SS-304-3950-MB,saniware:saniware-premier-flexible-hose-kitchen-pillar-sink-tap,2,,,,pending,,pending,,,,
FAN-CEI-RCF-MOZIA56-5B-BT,PCS,Rubine Blk Timber Ceiling Fan,Fans & Ventilation,3,499.00,84.9,1,Rubine,RCF-MOZIA56-5B-BT,rubine:rubine-blk-timber-ceiling-fan,1,,,,pending,,pending,,,,
TOI-TRP-WC-SRTWC8840-S,PCS,Sorento Close Coupled Wash,Bathroom,2,769.00,84.9,1,Sorento,DOWN-SRTWC8840-S,sorento:sorento-close-coupled-wash,1,,,,pending,,pending,,,,
BATH-SRTBF31416,PCS,Sorento 304 S/s 5 IN 1 Bathroom Furn,Bathroom,1,1488.00,84.7,1,Sorento,SRTBF31416,sorento:sorento-304-s-s-1-bathroom-furn,1,,,,pending,,pending,,,,
ELE-D/L-MEG-YTT100ZI-30W,PCS,Megaman E27 LED Bulb,Lighting,32,28.80,84.7,1,Megaman,E27,megaman:megaman-e27-led-bulb,1,,,,pending,,pending,,,,
RUB-TAE10-M371,UNIT,Rubine Glass Hob RGH-FIGATA2B-BL,Kitchen & Sinks,1,860.00,84.7,1,Rubine,RGH-FIGATA2B-BL,rubine:rubine-glass-hob-rgh-figata2b-bl,1,https://www.rubine.com.my/manual-download.php?parent_id=all,,Rubine Malaysia,pending,A,candidate,,,,Official Rubine manual page lists exact RGH-FIGATA2B-BL model.
SHO-SAN-SWP-BSP-5504B,PCS,Saniware Premier 2WAY Bath Shower Set For Water Heater (black),Bathroom,2,768.00,84.7,1,Saniware,2WAY,saniware:saniware-premier-2way-bath-shower-set-for-water,1,,,,pending,,pending,,,,
SIN-SOR-SRTKS2431,PCS,Sorento Nanograin Texture Kitchen Sink,Kitchen & Sinks,1,1499.00,84.7,1,Sorento,SRTKS2431,sorento:sorento-nanograin-texture-kitchen-sink,1,,,,pending,,pending,,,,
ELE-CAB-WIR-MKK-2.5MM-RED,ROLL,MKK Cable 2.5MM (7/0.49MM) Red,Electrical,53,79.50,84.6,1,MKK,7/0.49MM,mkk:mkk-cable-7,7,,,,pending,,pending,,,,
FAN-CEI-DEKA-CGNL54MB12,UNIT,Deka Ceiling Fan Geno Matt Black,Fans & Ventilation,4,318.00,84.6,1,Deka,54LED,deka:deka-ceiling-fan-geno-matt,1,,,,pending,,pending,,,,
KHI-HDR-HD515,SET,Hair Dryer 1800W (matt Black),Home Appliances,2,75.00,84.5,1,Khind,KHIND-HD1800,khind:hair-dryer-matt,2,,,,pending,,pending,,,,
OVEN-RUB-TAE13-M503,UNIT,Rubine M/wave Oven RMO-OREO-28BL,Home Appliances,1,1390.00,84.5,1,Rubine,RMO-OREO-28BL,rubine:rubine-m-wave-oven-rmo-oreo-28bl,1,https://www.rubine.com.my/manual-download.php?parent_id=all,,Rubine Malaysia,pending,A,candidate,,,,Official Rubine manual page lists exact RMO-OREO-28BL model.
ELE-CAB-WIR-MKK-2.5MM-BLACK,ROLL,MKK Cable 2.5MM (7/0.49MM) Black,Electrical,51,79.50,84.4,1,MKK,7/0.49MM,mkk:mkk-cable-7,7,,,,pending,,pending,,,,
MIR-SWBC-SS6811,SET,Saniware Bathroom Cabinet Set Water Tap SWBC-SS6811,Bathroom,1,1199.00,84.4,1,Saniware,SWBC-SS6811,saniware:saniware-bathroom-cabinet-set-water-tap-swbc-ss6811,1,,,,pending,,pending,,,,
SPR-BID-SWP-SS-304-6875-BA,PCS,Saniware Premier Two Way Tap With Bidet SET&1.2M Flex. Hose,Bathroom,1,199.00,84.4,1,Saniware,SET&1.2M,saniware:saniware-premier-two-way-tap-with-bidet-set,2,,,,pending,,pending,,,,
TAP-SAN-SWP-SS-304-3950,PCS,Saniware Premier Flexible Hose Kitchen Pillar Sink Tap,Kitchen & Sinks,1,195.00,84.4,1,Saniware,SWP-SS-304-3950,saniware:saniware-premier-flexible-hose-kitchen-pillar-sink-tap,2,,,,pending,,pending,,,,
TAP-SAN-SWP-B-3213-G,PCS,Saniware Premier Tall Basin Cold Tap (gold),Bathroom,1,189.00,84.2,1,Saniware,SWP-SS-304-3213-G,saniware:saniware-premier-tall-basin-cold-tap,2,,,,pending,,pending,,,,
BATH-SRTBF31514,PCS,Sorento 5IN1 Bath Furn,Bathroom,1,1299.00,84.1,1,Sorento,5IN1,sorento:sorento-5in1-bath-furn,1,,,,pending,,pending,,,,
FAN-CEI-DEKA-CF66DC66MB12,UNIT,Deka Ceiling Fan F66 DC Matt Black,Fans & Ventilation,4,288.00,84.1,1,Deka,F66,deka:deka-ceiling-fan-f66-dc-matt,1,,,,pending,,pending,,,,
JOV-WAT-FIL-JP200,PCS,Joven (red) Water Purifier,Home Appliances,5,179.00,84.1,1,Joven,JP200,joven:joven-water-purifier,1,,,,pending,,pending,,,,
KHI-HDR-HD511-GRE,SET,Hair Dryer 1400W (matt Grey),Home Appliances,2,65.00,84.0,1,Khind,KHIND-HD1400,khind:hair-dryer-matt,2,,,,pending,,pending,,,,
SHO-SOR-SRTWT9605RG,PCS,Sorento Exposed Shower Set 2WAYS SRTWT9605-RG,Bathroom,2,588.00,84.0,1,Sorento,2WAYS,sorento:sorento-exposed-shower-set-2ways-srtwt9605-rg,1,,,,pending,,pending,,,,
SHO-SOR-SRTWT9614,PCS,Sorento Shower Set,Bathroom,2,598.00,84.0,1,Sorento,3WAYS-EXPOSED,sorento:sorento-shower-set,1,,,,pending,,pending,,,,
TAP-SAN-SWP-SS-304-3939,PCS,Saniware Premier Double Spout Kitchen Pillar Sink Tap,Kitchen & Sinks,4,249.00,84.0,1,Saniware,SWP-SS-304-3939,saniware:saniware-premier-double-spout-kitchen-pillar-sink-tap,1,,,,pending,,pending,,,,
X-GAS-STO-RUB-TAE10-M372,UNIT,Rubine Glass Hob RGH-ALLORA2B-BL,Kitchen & Sinks,1,1299.00,84.0,1,Rubine,RGH-ALLORA2B-BL,rubine:rubine-glass-hob-rgh-allora2b-bl,1,,,,pending,,pending,,,,
FAN-FLO-KHI-FF2005,PCS,20 Ind Floor Fan Black,Fans & Ventilation,3,299.00,83.9,1,Khind,KHIND-FF2005,khind:20-ind-floor-fan,1,,,,pending,,pending,,,,
SIN-SOR-SRTKS2427-BL,PCS,Sorento S/s 304 Kitchen Sink-blk Ultrasonic Nano Tech,Kitchen & Sinks,1,1299.00,83.9,1,Sorento,SRTKS2427-BL,sorento:sorento-s-s-304-kitchen-sink-blk-ultrasonic,1,,,,pending,,pending,,,,
BAS-SOR-SRTWB7132,PCS,Sorento Counter Top Basin,Bathroom,3,309.00,83.8,1,Sorento,SRTWB7132,sorento:sorento-counter-top-basin,1,,,,pending,,pending,,,,
ELE-D/L-MEG-YTPDGLE5-70W,PCS,Megaman E27 Led-t Bulb,Lighting,7,99.50,83.8,1,Megaman,E27,megaman:megaman-e27-led-t-bulb,1,,,,pending,,pending,,,,
X-ELE-LED-FFL-CHA-10W,PCS,Taicon Stick LED Mini 5W E27 - Red,Lighting,94,6.40,83.7,1,Taicon,E27,taicon:taicon-stick-led-mini-e27,1,,,,pending,,pending,,,,
ELE-BUL-E27-3W-BLUE,PCS,Taicon E27 3W LED Color Bulb-blue,Lighting,37,2.50,83.6,1,Taicon,E27,taicon:taicon-e27-led-color-bulb,3,,,,pending,,pending,,,,
ELE-HOL-TC818-E27,PCS,Taicon Tc 818 E27 Lamp Holder,Lighting,196,2.80,83.5,1,Taicon,E27,taicon:taicon-tc-818-e27-lamp-holder,1,,,,pending,,pending,,,,
FAN-WAL-KHI-FW1660TH,SET,16 Wall Fan,Fans & Ventilation,4,199.00,83.5,1,Khind,WF1602SE-KHIND,khind:16-wall-fan,1,,,,pending,,pending,,,,
KHI-POT-AP550,SET,Khind Thermos Pot 5.5L,Home Appliances,4,198.00,83.5,1,Khind,AP550,khind:khind-thermos-pot,1,,,,pending,,pending,,,,
RAINBOW-G888-250GM,BTL,Nippon Gold Paint 999 Gold,Paint & Sundries,11,42.90,83.5,1,Nippon Paint,250GM,nippon-paint:nippon-paint-999,2,,,,pending,,pending,,,,
TAP-SAN-SWP-B-3203-RG,PCS,Saniware Premier Basin Pillar Cold Tap (rose Gold) SWP-SS-304-3203-RG,Bathroom,1,159.00,83.5,1,Saniware,SWP-SS-304-3203-RG,saniware:saniware-premier-basin-pillar-cold-tap-rose-swp,2,,,,pending,,pending,,,,
TAP-SAN-SWP-SS-3391,PCS,Saniware Premier Kitchen Pillar Sink Tap SWP-SS-3391,Kitchen & Sinks,1,138.00,83.5,1,Saniware,SWP-SS-3391,saniware:saniware-premier-kitchen-pillar-sink-tap-swp-ss,2,,,,pending,,pending,,,,
SPR-BID-SWP-SS-304-6875A,PCS,Saniware Premier Two Way Tap With Bidet Set 1.2M Flex. Hose,Bathroom,1,159.00,83.4,1,Saniware,SWP-SS-304-6875A,saniware:saniware-premier-two-way-tap-with-bidet-set,2,,,,pending,,pending,,,,
SPR-BID-SWSB-ABS-362,PCS,Saniware ABS Spray Bidet Set Holder & 1.2MM Flexible Hose,Bathroom,2,69.00,83.4,1,Saniware,SWSB-ABS-362,saniware:saniware-abs-spray-bidet-set-holder-flexible-hose,2,,,,pending,,pending,,,,
BATH-SRTBF31417,PCS,Sorento 6 IN 1 Bathroom Furniture,Bathroom,1,1088.00,83.3,1,Sorento,SRTBF31417,sorento:sorento-1-bathroom-furniture,1,,,,pending,,pending,,,,
ELE-D/L-MEG-FE2155D-18W-3000K,PCS,Megaman Plce T3 3U E27 Bulb,Lighting,49,11.80,83.3,1,Megaman,E27,megaman:megaman-plce-t3-3u-e27-bulb,1,,,,pending,,pending,,,,
FAN-CEI-DEKA-CF5DC46MB12,UNIT,Deka Ceiling Fan F5 DC~46 Pro Matt Blk,Fans & Ventilation,4,188.00,83.3,1,Deka,DC~46,deka:deka-ceiling-fan-f5-dc-46-pro-matt,1,,,,pending,,pending,,,,
X-RUB-TRB08-006,UNIT,Rubine Rjs 622 S/s Sink (1BB+1SB),Kitchen & Sinks,1,1338.00,83.3,1,Rubine,1BB+1SB,rubine:rubine-rjs-622-s-s-sink-1bb-1sb,1,,,,pending,,pending,,,,
ELE-BUL-B22-3W-BLU,PCS,Taicon B22 3W LED Color Bulb - Blue,Lighting,34,2.50,83.2,1,Taicon,B22,taicon:taicon-b22-led-color-bulb,4,,,,pending,,pending,,,,
STA-HAM-SBD715D2K,UNIT,Stanley Fatmax 20V Brushless Hammer Drill,Power Tools,4,769.00,83.2,1,Stanley,SBD715D2K,stanley:stanley-fatmax-brushless-hammer-drill,1,,,,pending,,pending,,,,
BOS-0601-227-1L2,UNIT,Gsb 13RE Impact Drill (blow Mode Set),Power Tools,6,485.00,83.1,1,Bosch,13RE,bosch:gsb-13re-impact-drill-blow-mode-set,1,,,,pending,,pending,,,,
GAS-STO-KHI-GC7125,SET,Khind Gas Cooker (stainless Steel),Home Appliances,3,225.00,83.1,1,Khind,GC7125,khind:khind-gas-cooker-stainless-steel,1,https://khind.com.my/collections/gas-stoves,,Khind Malaysia,pending,A,candidate,,,,Official Khind gas-stove collection lists exact GC7125 model.
SHO-SOR-SRTWT9600HP,PCS,Sorento Exposed Shower Set - 2WAYS SRTWT9600HP,Bathroom,2,469.00,83.1,1,Sorento,2WAYS,sorento:sorento-exposed-shower-set-2ways-srtwt9600hp,1,,,,pending,,pending,,,,
LOC-YALE-Y120B-50-KA5,SET,Yale (key Alike) Boron Shackle Padlock Y120B-50-KA5,Lifting & Rigging,3,419.00,83.0,1,Yale,Y120B-50-KA5,yale:yale-key-alike-boron-shackle-padlock-y120b-50,3,,,,pending,,pending,,,,
SHO-SOR-SRTSS8730,PCS,Sorento Sliding BAR Shower Set - SRTSS8730,Bathroom,4,199.00,83.0,1,Sorento,SRTSS8730,sorento:sorento-sliding-bar-shower-set-srtss8730,1,,,,pending,,pending,,,,
ELE-BUL-E27-3W-GREEN,PCS,Taicon E27 3W LED Color Bulb-green,Lighting,26,2.50,82.9,1,Taicon,E27,taicon:taicon-e27-led-color-bulb,3,,,,pending,,pending,,,,
KHI-INF-COO-IRC2000,SET,Khind - Infrared Cooker (black),Home Appliances,3,239.00,82.9,1,Khind,IRC2000,khind:khind-infrared-cooker,1,https://khind.com.my/collections/user-manuals?page=21,,Khind Malaysia,pending,A,candidate,,,,Official Khind manual collection lists exact IRC2000 infrared cooker.
STA-DRI-BRU-SBD710D2K,UNIT,Stanley Fatmax 20V Max Brushless Drill Driver,Power Tools,4,698.00,82.9,1,Stanley,SBD710D2K,stanley:stanley-fatmax-max-brushless-drill-driver,1,,,,pending,,pending,,,,
ELE-BUL-B22-3W-GRE,PCS,Taicon B22 3W LED Color Bulb - Green,Lighting,30,2.50,82.7,1,Taicon,B22,taicon:taicon-b22-led-color-bulb,4,,,,pending,,pending,,,,
ELE-D/L-MEG-FE2155D-18W,PCS,Megaman E27 3U Bulb,Lighting,41,11.90,82.7,1,Megaman,E27,megaman:megaman-e27-3u-bulb,1,,,,pending,,pending,,,,
NIP-MAT-W9102-18L,DRUM,18L Super Matex Bs 9102 White,Paint & Sundries,52,119.00,82.7,1,Nippon Paint,,nippon-paint:super-matex-bs-9102,2,https://www.nipponpaint.com.my/product/super-matex/,,Nippon Paint Malaysia,pending,C,candidate,,,,Official product page confirms Super Matex but 18L BS 9102 packaging and colour need exact visual verification.
STA-GRI-SCG400-SET,UNIT,Stanley 20V Grinder 1PC Charger (SC200)+2PCS Battery 2.0AH (SB202),Power Tools,3,868.00,82.7,1,Stanley,SC200,stanley:stanley-grinder-charger-sc200-battery-sb202,1,,,,pending,,pending,,,,
STA-PRE-WAS-BEPW1800T,UNIT,Black+decker Vertical Pressure Washer 125 BAR,Power Tools,4,659.00,82.7,1,Stanley,BEPW1800T,stanley:decker-vertical-pressure-washer-125-bar,1,,,,pending,,pending,,,,
TAP-SAN-SWP-SS-304-106,PCS,Saniware Premier Kitchen Pillar Sink Tap SWP-SS-304-106,Kitchen & Sinks,1,109.00,82.7,1,Saniware,SWP-SS-304-106,saniware:saniware-premier-kitchen-pillar-sink-tap-swp-ss,2,,,,pending,,pending,,,,
ELE-D/L-MEG-YTA60Z1-10W,PCS,Megaman A60 E27 LED Bulb YTA60Z1 10W/6500K,Lighting,54,8.90,82.6,1,Megaman,A60,megaman:megaman-a60-e27-led-bulb-yta60z1-6500k,1,,,,pending,,pending,,,,
BOS-0601-9H9-0L2C2,SET,Gws + Gsb Set + Gbh Solo + Gdx Solo Combo,Power Tools,1,2448.00,82.5,1,Bosch,180-LI,bosch:gws-gsb-set-gbh-solo-gdx-solo-combo,1,,,,pending,,pending,,,,
ELE-CAB-WIR-MKK-1.5MM-BLACK,ROLL,MKK Cable 1.5MM (7/0.39MM) Black,Electrical,49,49.50,82.4,1,MKK,7/0.39MM,mkk:mkk-cable-7,7,,,,pending,,pending,,,,
GAS-STO-KHI-GS1516,SET,Khind - Infrared Gas Cooker (stainless Steel),Home Appliances,4,172.00,82.4,1,Khind,IGS1516,khind:khind-infrared-gas-cooker-stainless-steel,1,https://khind.com.my/collections/gas-stoves,,Khind Malaysia,pending,C,candidate,,,,Official model is IGS1516 while AutoCount code says GS1516; verify physical label before use.
ELE-D/L-MEG-YTP38B1-10W,PCS,Megaman LED Stick Bulb Plc YTP38B1 10W/6500K,Lighting,38,11.80,82.3,1,Megaman,YTP38B1,megaman:megaman-led-stick-bulb-plc-ytp38b1-6500k,1,,,,pending,,pending,,,,
ELE-D/L-TC-3260-32W-RND-4000K,PCS,Taicon V3 32W Adjusted LED Dl Round (TC-3260),Lighting,16,36.90,82.3,1,Taicon,TC-3260,taicon:taicon-v3-adjusted-led-dl-round-tc-3260,1,,,,pending,,pending,,,,
KHI-COO-RC918T,SET,Khind - Rc 1.8L Teflon Pot (cream Magnolia),Home Appliances,4,145.00,82.3,1,Khind,RC918T,khind:khind-rc-teflon-pot-cream-magnolia,1,https://www.khind.com.my/image/data/theme/products/manual_instruction/Rice%20Cooker/rc9t-km130n20ricecooker-im_200621145459.pdf,,Khind Malaysia,pending,A,candidate,,,,Official Khind manual confirms exact RC918T model and 1.8L capacity.
NIP-SEA-5100-20L,DRUM,18L Nippon Vinilex 5100 Wall Sealer,Paint & Sundries,20,345.00,82.3,1,Nippon Paint,,nippon-paint:nippon-vinilex-5100-wall-sealer,2,https://professional.nipponpaint.com.my/case-study/the-key-benefits-of-waterproofing,,Nippon Paint Malaysia,pending,C,candidate,,,,Official site confirms 5100 Wall Sealer but current 18L packaging needs exact visual verification.
X-STA-PLANER-STP18-1800W,UNIT,Stanley Thickness Planer 1800W,Power Tools,1,2239.00,82.3,1,Stanley,STP18-B1,stanley:stanley-thickness-planer,1,,,,pending,,pending,,,,
BOS-0600-910-0L0SH,UNIT,Ghp High Pressure Cleaner,Power Tools,1,2429.00,82.2,1,Bosch,5-13C,bosch:ghp-high-pressure-cleaner,1,,,,pending,,pending,,,,
FAN-KHI-AF1801,SET,Khind 18 Auto Fan (white),Fans & Ventilation,2,288.00,82.2,1,Khind,AF1801,khind:khind-18-auto-fan,1,https://khind.com.my/collections/auto-fans,,Khind Malaysia,pending,A,candidate,,,,Official Khind auto-fan collection lists exact AF1801 model.
FAN-WAL-TAICON-TC-11006,SET,Taicon 16 Wall Fan Sirim-whi,Fans & Ventilation,5,115.00,82.2,1,Taicon,5BLADE,taicon:taicon-16-wall-fan-sirim-whi,1,,,,pending,,pending,,,,
KHI-COO-RCJ188,SET,Khind - Jar Rice Cooker 1.8L (mint),Home Appliances,4,145.00,82.2,1,Khind,RCJ188,khind:khind-jar-rice-cooker-mint,1,https://khind.com.my/collections/verz_import?page=40,,Khind Malaysia,pending,A,candidate,,,,Official Khind collection lists exact RCJ188 1.8L jar rice cooker.
BOS-2608-619-701,PCS,Cutting Disc Metal,Abrasives & Cutting,2303,2.70,82.1,1,Bosch,105MMX1.2MMX16MM,bosch:cutting-disc-metal,1,,,,pending,,pending,,,,
NIP-MAT-15245-18L,DRUM,18L Super Matex 15245 Maxtwhite,Paint & Sundries,45,119.00,82.1,1,Nippon Paint,,nippon-paint:super-matex-15245-maxtwhite,2,,,,pending,,pending,,,,
NIP-SAT-GLO-18L-145,CAN,18L Nippon Satin Glo 145 White,Paint & Sundries,11,549.00,82.1,1,Nippon Paint,,nippon-paint:nippon-satin-glo-145,2,https://professional.nipponpaint.com.my/case-study/the-key-benefits-of-waterproofing,,Nippon Paint Malaysia,pending,C,candidate,,,,Official site confirms Satin Glo but 18L 145 White packaging needs exact visual verification.
PSN-MJ-CS100WSK,PCS,Panasonic Juicer 1.7L 400W (white),Home Appliances,2,282.00,82.1,1,Panasonic,MJ-CS100W,panasonic:panasonic-juicer,1,,,,pending,,pending,,,,
STA-IMP-DRI-STDH7213V,UNIT,Stanley Percussion Drill 800W+VP,Power Tools,5,449.00,82.1,1,Stanley,800W+VP,stanley:stanley-percussion-drill-vp,1,,,,pending,,pending,,,,
TAP-SAN-SWP-SS-304-3936-SS,PCS,Saniware Premier Kitchen Wall Sink Tap-ss,Kitchen & Sinks,4,125.00,82.1,1,Saniware,SWP-SS-304-3936,saniware:saniware-premier-kitchen-wall-sink-tap-ss,1,,,,pending,,pending,,,,
ELE-D/L-MEG-YTA70Z1-15W,PCS,Megaman A70 E27 LED Bulb YTA70Z1 15W/6500K,Lighting,31,13.90,82.0,1,Megaman,A70,megaman:megaman-a70-e27-led-bulb-yta70z1-6500k,1,,,,pending,,pending,,,,
ELE-D/L-MEG-YTP38B1-10W-4000K,PCS,Megaman LED Stick Bulb Plc YTP38B1 10W/4000K,Lighting,35,11.80,82.0,1,Megaman,YTP38B1,megaman:megaman-led-stick-bulb-plc-ytp38b1-4000k,1,,,,pending,,pending,,,,
FAN-CEI-DEKA-CF5DC56MB,UNIT,Deka Ceiling Fan F5 Dc~pro Matt Blk 56,Fans & Ventilation,8,189.00,82.0,1,Deka,,deka:deka-ceiling-fan-f5-dc-pro-matt-blk,2,,,,pending,,pending,,,,
TAP-SAN-SWP-B-304-3915,PCS,Saniware Premier Kitchen Wall Sink Tap-blk,Kitchen & Sinks,3,205.00,82.0,1,Saniware,SWP-B-304-3915,saniware:saniware-premier-kitchen-wall-sink-tap-blk,1,,,,pending,,pending,,,,
FAN-CEI-DEKA-CGNL54OAK12,UNIT,Deka Ceiling Fan Geno Oak,Fans & Ventilation,2,318.00,81.9,1,Deka,54LED,deka:deka-ceiling-fan-geno-oak,1,,,,pending,,pending,,,,
JOV-WAT-FIL-JWP20,PCS,Joven Water Filter,Pumps & Water,1,2138.00,81.9,1,Joven,JWP20,joven:joven-water-filter,1,,,,pending,,pending,,,,
STA-PRE-WAS-BEPW1750,UNIT,Black+decker Pressure Washer 120BAR,Power Tools,4,579.00,81.9,1,Stanley,120BAR,stanley:decker-pressure-washer-120bar,1,,,,pending,,pending,,,,
BOS-AHI4-4PC-R,UNIT,Adelino S/steel Multi Stage Centrifugal Pump (1.0HP),Pumps & Water,2,998.00,81.8,1,Bosch,1.0HP,bosch:adelino-s-steel-multi-stage-centrifugal-pump-1,1,,,,pending,,pending,,,,
BOS-AJS37PC,UNIT,Adelino Automatic Self-priming Jet Pump With Pc (0.5HP),Pumps & Water,3,698.00,81.8,1,Bosch,0.5HP,bosch:adelino-automatic-self-priming-jet-pump-with-pc,1,,,,pending,,pending,,,,
ELE-D/L-TC-2260-22W,PCS,Taicon 24W Adjusted LED Dl Rnd,Lighting,18,25.50,81.8,1,Taicon,6000K,taicon:taicon-adjusted-led-dl-rnd,1,,,,pending,,pending,,,,
"EXH-FAN-KHI-12""-WHI-EF1201",SET,Khind 12 Exhaust Fan (off White),Fans & Ventilation,4,125.00,81.8,1,Khind,EF1201,khind:khind-12-exhaust-fan-off,1,,,,pending,,pending,,,,
BOS-0601-9K3-1L2,UNIT,Gsb Batt. Impact Drill,Power Tools,3,769.00,81.7,1,Bosch,185-LI,bosch:gsb-batt-impact-drill,1,,,,pending,,pending,,,,
BOS-2608-522-405,PCS,Impact Bit PH2 X 65MM,Power Tools,16,14.30,81.7,1,Bosch,PH2,bosch:impact-bit-ph2-x,3,,,,pending,,pending,,,,
ELE-CAB-WIR-MKK-2.5MM-YEL,ROLL,MKK Cable 2.5MM (7/0.49MM) Yellow,Electrical,26,79.50,81.7,1,MKK,7/0.49MM,mkk:mkk-cable-7,7,,,,pending,,pending,,,,
ELE-D/L-MEG-YTP45B1-15W-3000K,PCS,Megaman LED Stick Bulb Plc YTP45B1 15W/3000K,Lighting,24,16.30,81.7,1,Megaman,YTP45B1,megaman:megaman-led-stick-bulb-plc-ytp45b1-3000k,1,,,,pending,,pending,,,,
ELE-D/L-MEG-YTP45Z1-15W-4000K,PCS,Megaman LED Stick Bulb E27 YTP45Z1 15W/4000K,Lighting,23,15.90,81.7,1,Megaman,E27,megaman:megaman-led-stick-bulb-e27-ytp45z1-4000k,1,,,,pending,,pending,,,,
STA-PRE-WAS-HD4,UNIT,Karcher Classic High Pressure Washer,Power Tools,1,1988.00,81.7,1,Stanley,HD4/10X,stanley:karcher-classic-high-pressure-washer,1,,,,pending,,pending,,,,
STA-SAW-SCR121S2K,UNIT,Stanley 12V Reciprocating Saw,Power Tools,4,518.00,81.7,1,Stanley,SCR121S2K,stanley:stanley-reciprocating-saw,1,,,,pending,,pending,,,,
FAN-TAB-KHI-TF1210SE-LAV,SET,Khind - 12 Table Fan (sweet Lavender),Fans & Ventilation,4,105.00,81.6,1,Khind,TF1210SE,khind:khind-12-table-fan-sweet-lavender,1,https://khind.com.my/collections/table-fans,,Khind Malaysia,pending,C,candidate,,,,Official page confirms TF1210SE; stocked sweet-lavender finish needs visual verification.
BOS-0611-321-0L0,UNIT,Gsh 5CE Demolition Hammer,Power Tools,1,2238.00,81.5,1,Bosch,5CE,bosch:gsh-5ce-demolition-hammer,1,,,,pending,,pending,,,,
ELE-CAB-WIR-MKK-2.5MM-GRE,ROLL,MKK Cable 2.5MM (7/0.49MM) Green,Electrical,26,79.50,81.5,1,MKK,7/0.49MM,mkk:mkk-cable-7,7,,,,pending,,pending,,,,
ELE-D/L-MEG-YTP45Z1-15W-3000K,PCS,Megaman LED Stick Bulb E27 YTP45Z1 15W/3000K,Lighting,22,15.90,81.5,1,Megaman,E27,megaman:megaman-led-stick-bulb-e27-ytp45z1-3000k,1,,,,pending,,pending,,,,
FAN-WAL-TAICON-TC-11007,SET,Taicon 16 Wall Fan Sirim-blk,Fans & Ventilation,4,122.00,81.5,1,Taicon,5BLADE,taicon:taicon-16-wall-fan-sirim-blk,1,,,,pending,,pending,,,,
BOS-0601-1A2-1L0,UNIT,Gsb Impact Drill,Power Tools,2,879.00,81.4,1,Bosch,20-2RE,bosch:gsb-impact-drill,1,,,,pending,,pending,,,,
BOS-0601-9N9-0L0C1,SET,Gws + Gds + Gsb Plus Combo Set,Power Tools,1,1795.00,81.4,1,Bosch,18V-8,bosch:gws-gds-gsb-plus-combo-set,1,,,,pending,,pending,,,,
ELE-D/L-MEG-YTP38B1-10W-3000K,PCS,Megaman LED Stick Bulb Plc YTP38B1 10W/3000K,Lighting,30,11.80,81.4,1,Megaman,YTP38B1,megaman:megaman-led-stick-bulb-plc-ytp38b1-3000k,1,,,,pending,,pending,,,,
ELE-D/L-TC-3260-32W-RND,PCS,Taicon 32W Adjusted LED Round (TC-3260),Lighting,13,36.90,81.4,1,Taicon,TC-3260,taicon:taicon-adjusted-led-round-tc-3260,1,,,,pending,,pending,,,,
BOS-AHI2-4PC,UNIT,Adelino S/steel Multi Stage Centrifugal Pump (0.75HP),Pumps & Water,2,899.00,81.3,1,Bosch,0.75HP,bosch:adelino-s-steel-multi-stage-centrifugal-pump-0,1,,,,pending,,pending,,,,
KHI-FRY-ARF35,SET,Khind Air Fryer (mint),Home Appliances,2,228.00,81.3,1,Khind,ARF35,khind:khind-air-fryer-mint,1,,,,pending,,pending,,,,
STA-DRI-SCD10D2K,UNIT,Stanley 12V Tower Up Drill/driver 2.0AH,Power Tools,6,369.00,81.3,1,Stanley,SCD10D2K,stanley:stanley-tower-up-drill-driver,1,,,,pending,,pending,,,,
BOS-0601-9F7-0L0,UNIT,Gsr Battery Screwdriver,Hand Tools,13,448.00,81.2,1,Bosch,120-LI,bosch:gsr-battery-screwdriver,1,,,,pending,,pending,,,,
BOS-0611-924-0L1,UNIT,Gbh Batt. Rotary Hammer,Power Tools,1,1719.00,81.2,1,Bosch,185-LI,bosch:gbh-batt-rotary-hammer,1,,,,pending,,pending,,,,
ELE-D/L-MEG-YTA60Z1-10W-4000K,PCS,Megaman A60 E27 LED Bulb YTA60Z1 10W/4000K,Lighting,36,8.80,81.2,1,Megaman,A60,megaman:megaman-a60-e27-led-bulb-yta60z1-4000k,1,,,,pending,,pending,,,,
ELE-D/L-MEG-YTA70Z1-15W-4000K,PCS,Megaman A70 E27 LED Bulb YTA70Z1 15W/4000K,Lighting,22,13.90,81.2,1,Megaman,A70,megaman:megaman-a70-e27-led-bulb-yta70z1-4000k,1,,,,pending,,pending,,,,
ELE-D/L-TC-2261-32W-SQ,PCS,Taicon 32W Adjusted LED Square (TC-2261),Lighting,12,35.90,81.2,1,Taicon,TC-2261,taicon:taicon-adjusted-led-square-tc-2261,1,,,,pending,,pending,,,,
KHI-COO-RC828N,SET,Khind Rice Cooker 2.8L,Home Appliances,3,159.00,81.2,1,Khind,RC828N,khind:khind-rice-cooker,1,,,,pending,,pending,,,,
BOS-0601-9K0-0L0,UNITS,Gds Batt. Impact Wrench 18V-400,Power Tools,1,1579.00,81.0,1,Bosch,18V-400,bosch:gds-batt-impact-wrench-400,1,,,,pending,,pending,,,,
ELE-D/L-MEG-YTP45B1-15W-4000K,PCS,Megaman LED Stick Bulb Plc YTP45B1 15W/4000K,Lighting,20,16.30,81.0,1,Megaman,YTP45B1,megaman:megaman-led-stick-bulb-plc-ytp45b1-4000k,1,,,,pending,,pending,,,,
"EXH-FAN-KHI-08""-WHI-EF8001",SET,Khind 8 Exhaust Fan (off White),Fans & Ventilation,4,99.00,81.0,1,Khind,EF8001,khind:khind-8-exhaust-fan-off,1,,,,pending,,pending,,,,
GAS-COO-TC-2288-PGC,SET,Taicon Portable Gas Cooker,Home Appliances,9,59.00,81.0,1,Taicon,TC-2288PGC,taicon:taicon-portable-gas-cooker,1,,,,pending,,pending,,,,
BOS-0601-228-1L2,UNIT,Gsb 16RE Impact Drill (blow Mode Set),Power Tools,3,535.00,80.7,1,Bosch,16RE,bosch:gsb-16re-impact-drill-blow-mode-set,1,,,,pending,,pending,,,,
BOS-0601-9G8-1L7,UNIT,Gsb 121B Batt. Impact Drill (1 Batt.),Power Tools,4,389.00,80.7,1,Bosch,121B,bosch:gsb-121b-batt-impact-drill-1-batt,1,,,,pending,,pending,,,,
BOS-2608-522-406,PCS,Impact Bit PH2 X 110MM,Power Tools,10,20.50,80.7,1,Bosch,PH2,bosch:impact-bit-ph2-x,3,,,,pending,,pending,,,,
BOS-2608-522-407,PCS,Impact Bit PH2 X 150MM,Power Tools,6,29.80,80.7,1,Bosch,PH2,bosch:impact-bit-ph2-x,3,,,,pending,,pending,,,,
ELE-D/L-MEG-YTA65Z2-12W,PCS,Megaman A65 E27 LED Bulb,Lighting,26,11.30,80.7,1,Megaman,A65,megaman:megaman-a65-e27-led-bulb,1,,,,pending,,pending,,,,
BOS-0601-9G8-0L4,UNIT,Gsr 121B Batt. Screwdriver (1 Batt.),Hand Tools,13,329.00,80.6,1,Bosch,121B,bosch:gsr-121b-batt-screwdriver-1-batt,1,,,,pending,,pending,,,,
ELE-BUL-B22-3W-YEL,PCS,Taicon B22 3W LED Color Bulb - Yellow,Lighting,16,2.50,80.6,1,Taicon,B22,taicon:taicon-b22-led-color-bulb,4,,,,pending,,pending,,,,
CHA-SAW-STIHL-MS172,UNIT,Stihl Chainsaw 16 Stihl Chain & Guide BAR,"Rope, Chain & Netting",4,889.00,80.5,1,STIHL,MS172,stihl:stihl-chainsaw-16-stihl-chain-guide-bar,1,,,,pending,,pending,,,,
ELE-D/L-MEG-YTA70Z1-15W-3000K,PCS,Megaman A70 E27 LED Bulb YTA70Z1 15W/3000K,Lighting,19,13.90,80.5,1,Megaman,A70,megaman:megaman-a70-e27-led-bulb-yta70z1-3000k,1,,,,pending,,pending,,,,
KET-PSN-NC-GK1WSK,PCS,Panasonic 1.7L Plastick Kettle,Home Appliances,2,168.00,80.4,1,Panasonic,NC-GK1,panasonic:panasonic-plastick-kettle,1,,,,pending,,pending,,,,
RUB-TRT02-SA302,UNIT,Rubine Double Spout Wall Mounted S'tap,Home Appliances,1,399.00,80.4,1,Rubine,RT-SA-302/7C,rubine:rubine-double-spout-wall-mounted-s-tap,1,,,,pending,,pending,,,,
STA-PRE-WAS-BEPW1600L,UNIT,Black+decker Pressure Washer L 110 BAR,Power Tools,3,489.00,80.4,1,Stanley,BEPW1600L,stanley:decker-pressure-washer-l-110-bar,1,,,,pending,,pending,,,,
"EXH-FAN-KHI-10""-WHI-EF1001",SET,Khind 10 Exhaust Fan (off White),Fans & Ventilation,3,109.00,80.2,1,Khind,EF1001,khind:khind-10-exhaust-fan-off,1,,,,pending,,pending,,,,
NIP-PHG-1L-A,CAN,1L Platone High Gloss Accent Base,Paint & Sundries,98,42.30,80.2,1,Nippon Paint,,nippon-paint:platone-high-gloss-accent-base,2,,,,pending,,pending,,,,
NIP-PHG-5L-A,CAN,5L Platone High Gloss Accent Base,Paint & Sundries,28,176.50,80.2,1,Nippon Paint,,nippon-paint:platone-high-gloss-accent-base,2,,,,pending,,pending,,,,
BOS-0601-068-000,UNIT,Gol 26D Optical Leveller,Power Tools,1,1288.00,80.1,1,Bosch,26D,bosch:gol-26d-optical-leveller,1,,,,pending,,pending,,,,
CHA-SAW-STIHL-MS162,UNIT,Stihl Chainsaw 14 Stihl Chain & Guide BAR,"Rope, Chain & Netting",4,798.00,80.1,1,STIHL,MS162,stihl:stihl-chainsaw-14-stihl-chain-guide-bar,1,,,,pending,,pending,,,,
KHI-COO-RC806N,SET,Khind 0.6L Rice Cooker (light Winter GREY)-RC806N,Home Appliances,3,95.00,80.0,1,Khind,RC806N,khind:khind-rice-cooker-light-winter-rc806n,1,,,,pending,,pending,,,,
KHI-TOA-BT808,SET,Khind Bread Toaster (mint),Home Appliances,4,72.00,80.0,1,Khind,2SLICES,khind:khind-bread-toaster-mint,1,,,,pending,,pending,,,,
STA-PRE-WAS-BCPC20D1,UNIT,Black+decker 20V Power Cleaner,Chemicals & Adhesives,2,645.00,80.0,1,Stanley,BCPC20D1,stanley:decker-power-cleaner,1,,,,pending,,pending,,,,
STI-BRU-CUT-FR3001,UNIT,Stihl Brush Cutter,Outdoor & Garden,2,558.00,80.0,1,STIHL,FR3001,stihl:stihl-brush-cutter,1,,,,pending,,pending,,,,
BOS-AQSD110F,UNIT,Adelino Submersible Sewage Pump 1.1KW,Pumps & Water,1,1299.00,79.9,1,Bosch,1.1KW,bosch:adelino-submersible-sewage-pump-1-1kw,1,,,,pending,,pending,,,,
NIP-PHG-1L-P,CAN,1L Platone High Gloss Paster Base,Paint & Sundries,84,38.70,79.9,1,Nippon Paint,,nippon-paint:platone-high-gloss-paster-base,2,,,,pending,,pending,,,,
PSN-TK-CS10-WMA,PCS,Panasonic Water Purifier (white),Home Appliances,1,309.00,79.8,1,Panasonic,CS200-WMA,panasonic:panasonic-water-purifier,1,,,,pending,,pending,,,,
STA-CHO-SSC22,UNIT,Stanley Chopsaw 2200W 355MM,Power Tools,2,628.00,79.8,1,Stanley,SSC22,stanley:stanley-chopsaw,1,,,,pending,,pending,,,,
BOS-0601-9K3-1L2C1,SET,Gsb + Gdr Kit Combo Kit,Power Tools,1,1149.00,79.7,1,Bosch,185-LI,bosch:gsb-gdr-kit-combo-kit,1,,,,pending,,pending,,,,
NIP-PHG-5L-P,CAN,5L Platone High Gloss Paster Base,Paint & Sundries,22,143.70,79.7,1,Nippon Paint,,nippon-paint:platone-high-gloss-paster-base,2,,,,pending,,pending,,,,
OVEN-KHI-TOA-OT3005,SET,Khind Oven Toaster (black),Home Appliances,1,378.00,79.7,1,Khind,OT3005,khind:khind-oven-toaster,1,https://khind.com.my/collections/user-manuals?page=28,,Khind Malaysia,pending,A,candidate,,,,Official Khind manual collection lists exact OT3005 electric oven.
PAI-SPR-SAM-2K01,PCS,Samurai Clearcoat Spray,Paint & Sundries,21,46.90,79.7,1,Samurai,2-COMPONENT,samurai:samurai-clearcoat-spray,1,,,,pending,,pending,,,,
NIP-QSH-EXT-20L-P,DRUM,18L Nippon Q-shield Extra Pastel Base,Paint & Sundries,7,440.70,79.6,1,Nippon Paint,,nippon-paint:nippon-q-shield-extra-pastel-base,3,,,,pending,,pending,,,,
PSN-TK-CS200C-EX,PCS,Panasonic Water Cartridge,Home Appliances,3,86.00,79.6,1,Panasonic,CS200C,panasonic:panasonic-water-cartridge,1,,,,pending,,pending,,,,
STA-TRI-ST55,UNIT,Stanley 550W 6.35MM Corded Trimmer,Power Tools,4,279.00,79.6,1,Stanley,ST55-XD,stanley:stanley-corded-trimmer,1,,,,pending,,pending,,,,
TAP-SAN-SWP-SS-304-3937-MB,PCS,Saniware Premier Kitchen Pillar Sink Tap-matt Blk,Kitchen & Sinks,2,169.00,79.6,1,Saniware,SWP-SS-304-3937-MB,saniware:saniware-premier-kitchen-pillar-sink-tap-matt-blk,1,,,,pending,,pending,,,,
BOS-0611-338-9L1,UNIT,Gsh 5MX Demolition Hammer,Power Tools,1,1098.00,79.5,1,Bosch,5MX,bosch:gsh-5mx-demolition-hammer,1,,,,pending,,pending,,,,
ELE-D/L-MEG-YTP38Z1-10W,PCS,Megaman LED Stick Bulb E27 YTP38Z1 10W/6500K,Lighting,18,11.90,79.5,1,Megaman,E27,megaman:megaman-led-stick-bulb-e27-ytp38z1-6500k,1,,,,pending,,pending,,,,
X-LOC-YALE-Y120B-50-KA3,SET,Yale (key Alike) Boron Shackle Padlock Y120B-50-KA3,Lifting & Rigging,2,265.00,79.5,1,Yale,Y120B-50-KA3,yale:yale-key-alike-boron-shackle-padlock-y120b-50,3,,,,pending,,pending,,,,
ELE-CAB-WIR-MKK-1.5MM-YELLOW,ROLL,MKK Cable 1.5MM (7/0.39MM) Yellow,Electrical,23,49.50,79.4,1,MKK,7/0.39MM,mkk:mkk-cable-7,7,,,,pending,,pending,,,,
NIP-WTRB-5L-P,CAN,5L Nippon Weatherbond Quartz Pastel Base,Paint & Sundries,12,0.00,79.4,1,Nippon Paint,,nippon-paint:nippon-weatherbond-quartz-pastel-base,3,,,,pending,,pending,,,,
STA-POL-SP137,UNIT,Stanley 1300W 180MM Polisher,Power Tools,3,398.00,79.4,1,Stanley,SP137,stanley:stanley-polisher,1,,,,pending,,pending,,,,
ELE-D/L-MEG-YTP38Z1-10W-4000K,PCS,Megaman LED Stick Bulb E27 YTP38Z1 10W/4000K,Lighting,17,11.90,79.3,1,Megaman,E27,megaman:megaman-led-stick-bulb-e27-ytp38z1-4000k,1,,,,pending,,pending,,,,
FAN-CEI-DEKA-CCNL54RG12,UNIT,Deka Ceiling Fan Geno Rose Gold,Fans & Ventilation,1,318.00,79.3,1,Deka,54LED,deka:deka-ceiling-fan-geno-rose,1,,,,pending,,pending,,,,
FAN-FLO-KHI-FF1803B,SET,Floor Fan 18,Fans & Ventilation,1,249.00,79.3,1,Khind,KHIND-FF1803B,khind:floor-fan-18,1,,,,pending,,pending,,,,
STA-PLA-STEL630,UNIT,Stanley Planer 82MM,Power Tools,3,415.00,79.3,1,Stanley,STEL630,stanley:stanley-planer,1,,,,pending,,pending,,,,
BOS-0601-387-0L0,UNIT,Gex Eccentric Disc Sander 125-1A,Power Tools,2,559.00,79.2,1,Bosch,125-1A,bosch:gex-eccentric-disc-sander-125,1,,,,pending,,pending,,,,
ELE-D/L-MEG-YTG45Z1-5W,PCS,Megaman G45 E27 LED Bulb YTG45Z1/5W 5W/6500K,Lighting,26,7.50,79.2,1,Megaman,G45,megaman:megaman-g45-e27-led-bulb-ytg45z1-6500k,1,,,,pending,,pending,,,,
NIP-SEA-5170-20L,DRUM,20L Nippon Acrylic 5170 Wall Sealer,Paint & Sundries,6,539.00,79.2,1,Nippon Paint,,nippon-paint:nippon-acrylic-5170-wall-sealer,3,,,,pending,,pending,,,,
NIP-VIN-EAS-15L-A,DRUM,15L Nippon Vinilex Easywash Accent Base,Paint & Sundries,8,0.00,79.2,1,Nippon Paint,,nippon-paint:nippon-vinilex-easywash-accent-base,3,,,,pending,,pending,,,,
TAP-SAN-SWS-304-3964,PCS,Saniware Sliver Kitchen W Sink Tap,Kitchen & Sinks,4,62.00,79.2,1,Saniware,SWS-304-3964,saniware:saniware-sliver-kitchen-w-sink-tap,1,,,,pending,,pending,,,,
JUG-KHI-KET-EK5813,SET,Khind 1.7L Jug Kettle (white),Home Appliances,4,59.00,79.1,1,Khind,EK5813,khind:khind-jug-kettle,1,https://khind.com.my/collections/user-manuals?page=28,,Khind Malaysia,pending,A,candidate,,,,Official Khind manual collection lists exact EK5813 1.7L jug kettle.
NIP-PHG-5L-MBLK,CAN,5L Platone High Gloss 8103 Matt Black,Paint & Sundries,19,148.00,79.1,1,Nippon Paint,,nippon-paint:platone-high-gloss-8103-matt,2,,,,pending,,pending,,,,
NIP-SAT-GLO-5L-145,CAN,5L Nippon Satin Glo 145 White,Paint & Sundries,14,229.00,79.1,1,Nippon Paint,,nippon-paint:nippon-satin-glo-145,2,,,,pending,,pending,,,,
NIP-WTRB-18L-A,DRUM,18L Nippon Weatherbond Quartz Accent Base,Paint & Sundries,5,0.00,79.1,1,Nippon Paint,,nippon-paint:nippon-weatherbond-quartz-accent-base,3,,,,pending,,pending,,,,
NIP-WTRB-18L-T,DRUM,18L Nippon Weatherbond Quartz Tint Base,Paint & Sundries,5,0.00,79.1,1,Nippon Paint,,nippon-paint:nippon-weatherbond-quartz-tint-base,3,,,,pending,,pending,,,,
TAP-SAN-SWP-SS-304-3938-MB,PCS,Saniware Premier Double Spout Kit. Wall Sink Tap-matt Blk,Kitchen & Sinks,1,288.00,79.1,1,Saniware,SWP-SS-304-3938-MB,saniware:saniware-premier-double-spout-kit-wall-sink-tap,1,,,,pending,,pending,,,,
"HOS-FLE-GLO-60""",PCS,Glotool Flexible Tube F1/2 X F12 X 60,Outdoor & Garden,8,16.90,79.0,1,Glotool,F1/2,glotool:glotool-flexible-tube-f1-2-x-f12-x,9,,,,pending,,pending,,,,
NIP-PHG-5L-D,CAN,5L Platone High Gloss Deep Base,Paint & Sundries,20,142.60,79.0,1,Nippon Paint,,nippon-paint:platone-high-gloss-deep-base,2,,,,pending,,pending,,,,
BOS-0601-9K3-0L2,UNIT,Gsr Batt. Screwdriver 185-LI,Hand Tools,4,698.00,78.8,1,Bosch,185-LI,bosch:gsr-batt-screwdriver-185-li,1,,,,pending,,pending,,,,
CHA-SAW-STIHL-MS230,UNIT,Stihl Chainsaw 18 Stihl Chain & Guide BAR,"Rope, Chain & Netting",2,1089.00,78.8,1,STIHL,MS230,stihl:stihl-chainsaw-18-stihl-chain-guide-bar,1,,,,pending,,pending,,,,
FAN-CEI-DEKA-CX156BK12,UNIT,Deka Ceiling Fan X-one 56 Blk,Fans & Ventilation,20,159.00,77.7,1,Deka,,deka:deka-ceiling-fan-x-one-56-blk,1,,,,pending,,pending,,,,
BOS-0600-8A7-FLO,UNIT,Easy Aqt 110 High P/cleaner,Chemicals & Adhesives,22,488.00,77.0,1,Bosch,,bosch:easy-aqt-110-high-p-cleaner,1,,,,pending,,pending,,,,
BOS-0601-375-6L0,UNIT,Gws 060 Angle Grinder,Power Tools,50,169.00,76.3,1,Bosch,,bosch:gws-060-angle-grinder,1,https://www.bosch-pt.com.my/my/media/country_content/services/downloads/catalogues/bosch_pt_programme_jan21.pdf,,Bosch Malaysia,pending,A,candidate,,,,Official catalogue matches GWS 060 and order number 0 601 375 6L0; commercial image permission still required.
STA-HAM-BRU-SBH900M2K,UNIT,Stanley Fatmax V20 Brushless Sds Plus Hammer Drill,Power Tool Accessories,3,1329.00,76.2,1,Stanley,V20,stanley:stanley-fatmax-v20-brushless-sds-plus-hammer-drill,1,,,,pending,,pending,,,,
ELE-FAJAR-FLX-2.5MM-GREY,MTR,Fajar 2.5MM (50/0.25) X Flexible Cable (grey) (COIL),Electrical,2,12.90,76.1,1,Fajar,3CORE,fajar:fajar-50-0-25-x-flexible-cable-coil,1,,,,pending,,pending,,,,
ELE-CAB-FLE-P40163CW-ROLL,ROLL,Taicon 40/016 X Flexible Cable,Electrical,22,129.00,75.4,1,Taicon,3CORE,taicon:taicon-40-016-x-flexible-cable,1,,,,pending,,pending,,,,
TAR-SHT-GT2-O/B-6',MTR,Glotool PE Trap (GT-02) 6'X70YDS,Plumbing,10,8.90,74.8,1,Glotool,GT-02,glotool:glotool-pe-trap-gt-02-6-x70yds,1,,,,pending,,pending,,,,
NIP-ROOF-20L-T,UNIT,20L Nippon Roof Coating Tint Base,Building Materials,4,0.00,74.7,1,Nippon Paint,,nippon-paint:nippon-roof-coating-tint-base,2,,,,pending,,pending,,,,
BOS-0611-338-5L0,UNIT,Gsh 500 Demolition Hammer,Power Tools,5,938.00,73.8,1,Bosch,,bosch:gsh-500-demolition-hammer,1,,,,pending,,pending,,,,
BOS-0611-272-1L4,UNIT,Gbh 2-24 Dre Rotary Hammer Set,Power Tools,6,619.00,73.3,1,Bosch,,bosch:gbh-2-24-dre-rotary-hammer-set,1,,,,pending,,pending,,,,
NIP-WTRB-18L-WHITE,CAN,18L Nippon Weatherbond Quartz 145 White,Paint & Sundries,6,599.00,73.0,1,Nippon Paint,,nippon-paint:nippon-weatherbond-quartz-145,1,,,,pending,,pending,,,,
BOS-0600-8A7-AL0,UNIT,Aquatak 125 High P/cleaner,Chemicals & Adhesives,5,895.00,72.9,1,Bosch,,bosch:aquatak-125-high-p-cleaner,1,,,,pending,,pending,,,,
NIP-WTRB-WHI-15004,CAN,18L Nippon Weatherbond Quartz 15004 Ws White,Paint & Sundries,6,495.00,72.3,1,Nippon Paint,,nippon-paint:nippon-weatherbond-quartz-15004-ws,1,,,,pending,,pending,,,,
NIP-WTRB-5L-WHITE,CAN,5L Nippon Weatherbond 145 White,Paint & Sundries,11,298.00,72.1,1,Nippon Paint,,nippon-paint:nippon-weatherbond-145,1,,,,pending,,pending,,,,
BOS-0601-6A0-0L0,UNIT,Gkf 550 Router,Power Tools,7,398.00,71.9,1,Bosch,,bosch:gkf-550-router,1,,,,pending,,pending,,,,
STA-HIGH-PRE-WAS-K2,UNIT,Karcher K2 Power Vps High Pressure Washer,Power Tools,3,875.00,71.8,1,Stanley,,stanley:karcher-k2-power-vps-high-pressure-washer,1,,,,pending,,pending,,,,
STA-PRE-WAS-K3-DEL,UNIT,Karcher Pressure Washer K3 Deluxe Premium,Power Tools,2,1329.00,71.7,1,Stanley,,stanley:karcher-pressure-washer-k3-deluxe-premium,1,,,,pending,,pending,,,,
X-STA-PRE-WAS-K4,UNIT,Karcher K4 Basic High Pressure Cleaner,Power Tools,2,1299.00,71.5,1,Karcher,,karcher:karcher-k4-basic-high-pressure-cleaner,1,,,,pending,,pending,,,,
BOS-2608-600-017,PCS,4 Grinding Disc,Abrasives & Cutting,1154,3.50,70.3,1,Bosch,,bosch:4-grinding-disc,1,,,,pending,,pending,,,,
CIMA-DL-L-199Y-RND-18W-CIELO-DL,SET,Cielo Iii 199Y 18W L/dl (rnd/daylight),Lighting,262,16.90,69.9,1,,199Y,unbranded:cielo-iii-199y-l-dl-rnd-daylight,1,,,,pending,,pending,,,,
AGR-NET-SUN-GLO-70%,MTR,Glotool Sun Shade Netting (70%),"Rope, Chain & Netting",27,2.90,67.9,1,Glotool,,glotool:glotool-sun-shade-netting-70,1,,,,pending,,pending,,,,
SIN-CKS7406,PCS,Cabana Kitchen Sink CKS7406,Kitchen & Sinks,5,588.00,67.6,1,,CKS7406,unbranded:cabana-kitchen-sink-cks7406,1,,,,pending,,pending,,,,
MIR-SBC-600603A,SET,S600 Bathroom Cabinet Set (610X475X450MM),Bathroom,5,559.00,67.5,1,,S600,unbranded:s600-bathroom-cabinet-set-610x475x450mm,1,,,,pending,,pending,,,,
ELE-CAB-FLE-7076,ROLL,Yazaki 70/076 3C Flexible Cable White,Electrical,19,299.00,67.1,1,Yazaki,,yazaki:yazaki-70-076-3c-flexible-cable,1,,,,pending,,pending,,,,
ELE-CAB-FAJ-2.5MM-80M,ROLL,Fajar 2C X 2MM Twin Flat Wire,Electrical,15,349.00,67.0,1,Fajar,,fajar:fajar-2c-x-twin-flat-wire,1,,,,pending,,pending,,,,
DC-DCSM03-100EK,SET,Cordless Brushless Angle Grinder 20V,Power Tools,6,898.00,64.5,1,,DCSM03-100EK,unbranded:cordless-brushless-angle-grinder,1,,,,pending,,pending,,,,
PUM-WTR-JHP4-40,UNIT,Water Pump Complete Set JHP4-40,Pumps & Water,3,1119.00,64.4,1,,JHP4-40,unbranded:water-pump-complete-set-jhp4-40,1,,,,pending,,pending,,,,
DC-20V-SETS-XB,SET,"DCZC0424Z, DCPB488Z, / Cordless Full Sets Xb",Power Tools,2,1865.00,63.9,1,,DCZC0424Z,unbranded:dczc0424z-dcpb488z-cordless-full-sets-xb,1,,,,pending,,pending,,,,
DC-20V-XA,SET,"20V DCZC22Z, DCJZ2060IZ, - Sets Xa",Power Tools,2,1695.00,63.7,1,,DCZC22Z,unbranded:dczc22z-dcjz2060iz-sets-xa,1,,,,pending,,pending,,,,
"DOR-HIN-JTC-SSS-4""",SET,"Smr S/steel Hinges 4""X3""X2.0MM",Doors & Hardware,330,6.50,63.3,1,,X2.0MM,unbranded:smr-s-steel-hinges-4-x3-x2,1,,,,pending,,pending,,,,
SUMO-SM-138,UNIT,Sumo High Pressure Washer 130 BAR,Power Tools,2,1369.00,63.2,1,,SM-138,unbranded:sumo-high-pressure-washer-130-bar,1,,,,pending,,pending,,,,
DL5-WAT-FIL-0942-GRY,UNIT,DL5 Dalqua 9''X42 Water Filt Sys-fiber Tank Gry,Other,19,349.00,61.6,1,,DL5,unbranded:dl5-dalqua-9-x42-water-filt-sys-fiber,1,,,,pending,,pending,,,,
IND-CEM-50KGS,BAG,Portland Limestone Cement,Building Materials,116,24.90,61.0,1,,50KGS,unbranded:portland-limestone-cement,1,,,,pending,,pending,,,,
"PIP-HDPE-25MM-3/4""",MTR,"HDPE Pipe 25MM (3/4"") PN12.5(MS-1058)",Plumbing,20,3.20,57.3,1,,PN12.5,unbranded:hdpe-pipe-3-4-pn12-5-ms-1058,1,,,,pending,,pending,,,,
WOO-PLY-3.6MM,PCS,Plywood 3.6MM X 4 X 8,Building Materials,72,27.90,57.2,1,,,unbranded:plywood-x-4-x-8,3,,,,pending,,pending,,,,
IND-GAL-WIRE-20#-COIL,COIL,20 X 12KG Wire,Electrical,99,50.00,56.4,1,,,unbranded:20-x-wire,3,,,,pending,,pending,,,,
ELE-D/L-ECO-3030-24W,PCS,Hms Downlite Hsp 503-24W 6500K,Electrical,154,19.90,56.1,1,,503-24W,unbranded:hms-downlite-hsp-503-6500k,1,,,,pending,,pending,,,,
TOO-BOS-BAG-101,PCS,Bossman 20V Angle Grinder 105MM,Power Tools,14,299.00,55.2,1,,,unbranded:bossman-angle-grinder,1,,,,pending,,pending,,,,
IND-WIR-MES-1212-20GX100,FTS,Wire Mesh 1/2/ X 1/2 X 3 X 20G X 100,Electrical,15,2.90,53.4,1,,,unbranded:wire-mesh-1-2-x-1-2-x,2,,,,pending,,pending,,,,
BAT-ENE-MAX-AA4PCS,PCK,En Max Aa 4 Pc,Electrical,128,16.80,52.8,1,,,unbranded:en-max-aa,2,,,,pending,,pending,,,,
BAT-ENE-MAX-AAA4PCS,PCK,En Max Aaa 4 Pc,Electrical,128,16.90,52.8,1,,,unbranded:en-max-aaa,2,,,,pending,,pending,,,,
WOO-HOE-CANGKUL-HARDWOOD,PCS,Kayu Cangkul (hardwood),Building Materials,174,12.90,50.5,1,,,unbranded:kayu-cangkul-hardwood,1,,,,pending,,pending,,,,
IND-ALUM-SHE-FLA-0.3MMX3',KGS,Flat Sheet Alum. 0.3MM X 3,Building Materials,84,33.90,50.3,1,,,unbranded:flat-sheet-alum-x-3,1,,,,pending,,pending,,,,
CEI-FRA-30MM,PCS,Ceiling Frame 30MM,Building Materials,482,2.90,49.9,1,,,unbranded:ceiling-frame,1,,,,pending,,pending,,,,
ROO-ZIN-SHE-10'X35G,PCS,Corrugated Steel Zinc 10 X 35G,Building Materials,87,26.90,49.5,1,,,unbranded:corrugated-steel-zinc-10-x,1,,,,pending,,pending,,,,
NAI-COM-65MM-20KG,PCK,2 1/2 Wire Nail,Fasteners & Fixings,35,3.20,47.6,1,,,unbranded:2-1-2-wire-nail,1,,,,pending,,pending,,,,
ELE-CAB-ZI-C70763G-ROLL,ROLL,Zi 3C X 70/076 PVC Flex Wire (grey),Electrical,12,259.00,47.1,1,,,unbranded:zi-3c-x-70-076-pvc-flex-wire,1,,,,pending,,pending,,,,
PIP-CON-WHI-20MM3M,LTH,"3/4""(20MM) X 2.9M Eep - White",Plumbing,925,2.00,47.0,1,,,unbranded:3-4-x-eep,1,,,,pending,,pending,,,,
NAI-COM-50MM-20KG,PCK,2 Wire Nail,Fasteners & Fixings,25,3.20,46.3,1,,,unbranded:2-wire-nail,1,,,,pending,,pending,,,,
"DRA-COV-TEC-GRE-9""X17""",PCS,Techplas 9 X 17 Drain Cover - Grey,Plumbing,113,15.50,45.6,1,,,unbranded:techplas-9-x-17-drain-cover,1,,,,pending,,pending,,,,
