item_code,uom,display_name,category,category_proposed,reason
DL5-WAT-FIL-0942-GRY,UNIT,DL5 Dalqua 9''X42 Water Filt Sys-fiber Tank Gry,Other,Other,no conservative keyword match
PRE-STO-KHI-SPC6,SET,Khind Pressure Cooker 6L - SPC6,Other,Home Appliances,matched /\b(fan|heater|joven|khind)\b/
BRU-CUP-GDB-75M1015,PCS,Glotool C/brush (b) 75M10*1.5,Other,Paint & Sundries,matched /\b(paint|primer|thinner|nippon|roller|brush)\b/
TOR-ENE-LED-2D,PCK,Eveready 2D Brilliant (GPHH25),Other,Other,no conservative keyword match
TOR-ENE-LED-2AA,PCK,Eveready 2AA Brilliant,Other,Other,no conservative keyword match
PAD-STA-SS30-5140231-49,PCS,Pad Type Stanley SS30,Other,Other,no conservative keyword match
FOL-TAB-CN YX-Z122-3X,PCS,4FT. Folding Table (wooden Slats),Other,Other,no conservative keyword match
SD-L/203Y/24W/CIE/DL-6500K,SET,Cielo Iv 203Y 24W L/surface D/light (round),Other,Other,no conservative keyword match
FOL-TAB-CN YX-Z182D,PCS,6FT Folding Table,Other,Other,no conservative keyword match
FOL-TAB-CNYX-Z122-3X,PCS,4FT Folding Table,Other,Other,no conservative keyword match
FOL-TAB-CNYX-Z152,PCS,5FT Folding Table (wooden Slats),Other,Other,no conservative keyword match
GUIDE BAR-MS230,PCS,18 Stihl Guide BAR,Other,Other,no conservative keyword match
GUIDE BAR-MS180,PCS,16 Stihl Guide BAR,Other,Other,no conservative keyword match
GUIDE BAR-MS170,PCS,14 Stihl Guide BAR,Other,Other,no conservative keyword match
DIS-DIA-DIA-100MM,PCS,Glotool Cutting Blade 100MM,Other,Other,no conservative keyword match
FRE-MID-MD-RC207FZB01,PCS,Midea Chest FREEZER-142L MD-RC207FZB01,Other,Other,no conservative keyword match
BRU-HAN-GLO-462091,PCS,Glotool 462091-3008 H/brush - Brass,Other,Paint & Sundries,matched /\b(paint|primer|thinner|nippon|roller|brush)\b/
MKX-2021-BRUS-3IN1,SET,Mark-x Brushless 3 IN 1 Combination Set,Other,Other,no conservative keyword match
MAT-GRASS-CN-PGM-2MX25M-FTS,ROLL,2M X 25M Plastic Grass Mat Cn,Other,Other,no conservative keyword match
TRO-SHO-CNSC5001,SET,Shopping Trolley (LC-303E) (DC-675),Other,Other,no conservative keyword match
MF-PO-30-SOL-FAN,PCS,Solar Fan MF-PO-30,Other,Home Appliances,matched /\b(fan|heater|joven|khind)\b/
TANK-REC-450L,DRUM,450L Rectangular Tank (2),Other,Other,no conservative keyword match
FRE-MID-MD-RC151FZB01,PCS,Midea Chest FREEZER-99L MD-RC151FZB01,Other,Other,no conservative keyword match
BRU-SPO-B3PCS,PKT,3M 213 Scouring Sponge Pad W/ab 3'S (kh SB1200775),Other,Other,no conservative keyword match
AUT-POL-AUT-SS75ML,PCS,Autosol S/steel,Other,Other,no conservative keyword match
PLUG-TOP-UMS-13A,PCS,Ums 13A Plugtop (PT130R-S),Other,Other,no conservative keyword match
DOE-LOC-ATLP-0910SN,SETS,Sn Armor Tubular Lever On Plate,Other,Other,no conservative keyword match
GER-PLUG-BPM6A,PCS,Ngk 14 X 9.5 Sparkplug -BPM6A,Other,Other,no conservative keyword match
WIR-BRC-65C-45M,ROLL,65C X 45M Brc Welded MS Grill,Other,Other,no conservative keyword match
SPO-SCOTCH-BRITE-3M,PCK,3M Scotch Brite 31B 3PCS Scouring Pad (KH1578-6),Other,Other,no conservative keyword match
BUT-STOP-0201,PCS,Stop Button,Other,Other,no conservative keyword match
NP-BAR-B800-5L,UNIT,5L Bintang Automative Refinish B800 Black (basic),Other,Other,no conservative keyword match
GRE-TOYO-450GM,TIN,Toyo Eaj 8000 Hi-temp Bentonite Grease,Other,Other,no conservative keyword match
GRE-TOYO-350GM,TIN,Toyo MP2 Lithium Ep Grease,Other,Other,no conservative keyword match
ICE-COO-INO-23LTR-THBW/JUMBO-K,PCS,Inova 23LTR. Jumbo K Ice Cooler W/rice Ladle,Other,Other,no conservative keyword match
AUT-POL-AUT-MET75ML,PCS,Autosol Metal,Other,Other,no conservative keyword match
POW-YELLOW,TIN,Yellow Powder,Other,Other,no conservative keyword match
VER-MAR-3M-HRZTL,PAIR,3M Vehicle Marking Hrztl Vert,Other,Other,no conservative keyword match
WIR-BRC-66C-45M,ROLL,66C X 45M Brc,Other,Other,no conservative keyword match
HOL-BOT-MA034-A,SET,Bott H/duty Cycle Hole Cu,Other,Other,no conservative keyword match
WAS-TAP-PAI,PCS,Washi Tape 24MMX15M,Other,Other,no conservative keyword match
FOAM-PU-VT268,PCS,V-tech Pu Foam 750ML,Other,Other,no conservative keyword match
HDPE-VAL-BAL-PP-COMP-MALE-25MM,PCS,PP Compression Ballvalve Male- 25MMX3/4,Other,Other,no conservative keyword match
RIV-HAND-HR008,PCS,Hand Riveter - Jp,Other,Other,no conservative keyword match
ANG-EAV901SS,PCS,Eav 901 SS Elise Double Open Angle (SUS304),Other,Other,no conservative keyword match
ANT-KILL-BAIT,PCK,Ant Killing Bait 35GM,Other,Other,no conservative keyword match
BEA-PUL-EAS-E0061,PCS,Altea X 6 Bearing Puller,Other,Other,no conservative keyword match
HAT-STR-CM042,PCS,42CM Straw Hat,Other,Other,no conservative keyword match
INK-POT-TC250,PCS,TC250 Big Ink Pot,Other,Other,no conservative keyword match
"BRU-CUP-3""-MR.MARK",PCS,Mr. Mark M10 X 1.5 Cup Brush,Other,Paint & Sundries,matched /\b(paint|primer|thinner|nippon|roller|brush)\b/
HDPE-VAL-BAL-PP-COMP-32MM,PCS,32MM PP Compression Ballvalve,Other,Other,no conservative keyword match
BEA-PUL-EAS-E0062,PCS,Altea X 8 Bearing Puller,Other,Other,no conservative keyword match
DUC-CAP-DC-1,PCS,DC-1 S/steel Ducting Cap 150MM,Other,Other,no conservative keyword match
TOL-BUS-BUT-YG886,PCS,Dual Push Button,Other,Other,no conservative keyword match
ACC-MAR-EURO-1A,PCS,Marlino Press Control,Other,Other,no conservative keyword match
WRE-RAT-RN17X21,PCS,Glory Ratchet Wrenches RN17 X 21,Other,Other,no conservative keyword match
HDPE-VAL-BAL-PP-COMP-20MM,PCS,20MM PP Compression Ballvalve,Other,Other,no conservative keyword match
TOR-LIG-HEA-KX1805,PCS,KX1805 Head Light,Other,Other,no conservative keyword match
COP-ROD-LOC-12MMX5FT,PCS,Local Copper Rod 12MM X 5FT,Other,Other,no conservative keyword match
AER-4MC8,PCS,Aerico 4MC8,Other,Other,no conservative keyword match
GROUT-SEAL-703,CAN,Sikagard 703 Groutseal - 1LTR,Other,Other,no conservative keyword match
REF-DELINEATOR-50M,SET,Picasaf PVC Delineator Reflective-red,Other,Plumbing,matched /\b(pipe|valve|tap|faucet|pvc|elbow|tee)\b/
ARR-BAN-STE-APB1210,ROLL,Arrow Black Painted Band 12MM X 10M - Black,Other,Other,no conservative keyword match
HEX-BUL-POI-15083(P),PCS,Br 1022 Hex Bull Pointed,Other,Other,no conservative keyword match
DIS-DIA-BOS-100MM,PCS,Blimax Diamond Cup,Other,Other,no conservative keyword match
BURR-CAR-T.C.T-AX1225,PCS,Blimax Carbide BURR-AX1225,Other,Other,no conservative keyword match
CON-LVR-FR3001,PCS,Control Lever Complete (FR3001),Other,Other,no conservative keyword match
CR-1220/5BE,PCS,CR-1220/5B Lithium 3V,Other,Other,no conservative keyword match
INS-IS8503(P),NOS,Pedestal IS8503(P),Other,Other,no conservative keyword match
LI-HEA-HX816,PCS,HX816 Head Light,Other,Other,no conservative keyword match
AER-6U6,PCS,Aerico 6U6,Other,Other,no conservative keyword match
AER-6ME8,PCS,Aerico 6ME8,Other,Other,no conservative keyword match
ARR-BAN-STE-APB1710,ROLL,Arrow Black Painted Band 17MM X 10M -black,Other,Other,no conservative keyword match
DZ-GEN-PST-30X400,PCS,Star Bull Point PH65 30 (mm),Other,Other,no conservative keyword match
INS-IS1216(P),PCS,Pedestal IS1216(P),Other,Other,no conservative keyword match
BIT-HOL-DB-2311,PCS,Flexible Driver Bit Holder,Other,Other,no conservative keyword match
AER-6MC8,PCS,Aerico 6MC8,Other,Other,no conservative keyword match
SPO-SCO-QB-3M-5PCS,PCS,Atlas 27NM 6 X 9 Handpad-maroon,Other,Other,no conservative keyword match
ACC-HYU-HY-15,PCS,Hyundai Press Control,Other,Other,no conservative keyword match
POL-HAR-NYL-JM-666A,PCS,"Harvesting Palm Oil Clip 1-1/2""(38MM) PVC - Green",Other,Plumbing,matched /\b(pipe|valve|tap|faucet|pvc|elbow|tee)\b/
BURR-CAR-T.C.T-HX1232,PCS,Blimax Carbide Milling BURR-HX1232,Other,Other,no conservative keyword match
BURR-CAR-T.C.T-LX1228,PCS,Blimax Carbide Milling BURR-LX1228,Other,Other,no conservative keyword match
TRCK-(0.40MM)-50MM- 10FTS,PCS,Track (0.40MM) 50MM X 25MM X 3000MM -10FTS,Other,Other,no conservative keyword match
WAT-FIL-X8-ACQUA-KHX8,UNIT,Acqua X8,Other,Other,no conservative keyword match
"SEA-GAS-RUB-1/8""",ROLL,Rubber Insertion Sheet 1/8,Other,Other,no conservative keyword match
AER-6ME4,PCS,Aerico 6ME4,Other,Other,no conservative keyword match
BEA-PUL-EAS-E0060,PCS,Eastman X 4 Bearing Puller,Other,Other,no conservative keyword match
INS-FWF04-SC,NOS,Seat & Cover,Other,Other,no conservative keyword match
AER-4MRT44,PCS,Aerico 4MRT44,Other,Other,no conservative keyword match
AER-6MC6,PCS,Aerico 6MC6,Other,Other,no conservative keyword match
FIL-GAU-W2868A,PCS,Filler Gauges 100MM*14,Other,Other,no conservative keyword match
DZ-GEN-TG-30,PCS,Tool Grease,Other,Other,no conservative keyword match
SPO-SCR-SCH,PCS,Sponge Scrub,Other,Other,no conservative keyword match
BURR-CAR-T.C.T-AX1020,PCS,Blimax Carbide BURR-AX1020,Other,Other,no conservative keyword match
BURR-CAR-T.C.T-CX1020,PCS,Blimax Carbide BURR-CX1020,Other,Other,no conservative keyword match
SCI-S/STEEL-135,PCS,Confu Hair Clipper,Other,Other,no conservative keyword match
AER-4MC6,PCS,Aerico 4MC6,Other,Other,no conservative keyword match
GALVD-MS-NUT-5/16'',KGS,Galvd MS NUT5/16,Other,Other,no conservative keyword match
RIC-COO-PSN-SR-E28A-LL,PCS,2.8L Conventional R/c (lily White),Other,Other,no conservative keyword match
SAS-HOR-BH-12,BOX,Sasaki Back Up Horn,Other,Other,no conservative keyword match
VER-MAR-3M-DG3SM,PCS,3M Side Marking,Other,Other,no conservative keyword match
SUP-ROL-WIN,PCK,Super Airoller (25PCS/PCK),Other,Other,no conservative keyword match
REM-FAN-CEI-SI11,PCS,Remote Fan - SI11,Other,Home Appliances,matched /\b(fan|heater|joven|khind)\b/
AER-4ME8,PCS,Aerico 4ME8,Other,Other,no conservative keyword match
HDD-STO-JM106,PCS,8 Double Col Sharpening Stone,Other,Other,no conservative keyword match
AER-6MC4,PCS,Aerico 6MC4,Other,Other,no conservative keyword match
SOC-EMPTY-PP132-2G,PCS,2G Ext Box (C400/EPI132),Other,Other,no conservative keyword match
SOC-PVC-BOX-6MM,PCS,PVC 2WAY Box 3/4,Other,Plumbing,matched /\b(pipe|valve|tap|faucet|pvc|elbow|tee)\b/
DZ-GEN-BSC-280X26,PCS,Star Flat 17 (mm),Other,Other,no conservative keyword match
HDPE-VAL-BAL-PP-COMP-25MM,PCS,25MM PP Compression Ballvalve,Other,Other,no conservative keyword match
NP-BAR-14501-5L,UNIT,5L Np Bintang Auto Refinish 14051 Chili Red,Other,Other,no conservative keyword match
AER-4MBT44,PCS,Aerico 4MBT44,Other,Other,no conservative keyword match
NP-BAR-999-5L,UNIT,5L Np Bintang Auto Refinish 999 White (basic),Other,Other,no conservative keyword match
BURR-CAR-T.C.T-FX1225,PCS,T. C. T Carbide,Other,Other,no conservative keyword match
ICE-COO-INO-18LTR-THBW/K-1,PCS,Inova 18 Ltr. Ice Cooler,Other,Other,no conservative keyword match
WIR-BRC-213X4X8-2.3MM,PCS,213 X 4 X 8 Brc,Other,Other,no conservative keyword match
MET-WAT-ADA-BR,PCS,"Br Water Meter Adapter (thick) 3/4""X1/2",Other,Other,no conservative keyword match
WIR-BRC-210X4X8-2.8MM,PCS,210 X 4 X 8 Brc,Other,Other,no conservative keyword match
POL-HAR-NYL-JM444,PCS,Jayamata Harvesting Palm Oil Poles Clamping Bracket Clip,Other,Other,no conservative keyword match
MET-LED-ENE-PLMA22,PCS,Enr New Penlight 2AAA 50L,Other,Other,no conservative keyword match
MIN-TAN-TUL-1.5KGS,TIN,Worker Minyak Tanah Tulen,Other,Other,no conservative keyword match
HOR-LIO-24VDC,PCS,Lion Horn 24VDC,Other,Other,no conservative keyword match
BURR-CAR-T.C.T-FX1020,PCS,Blimax Carbide BURR-FX1020,Other,Other,no conservative keyword match
ENR-2IN1-LIGHT-2AA,PCK,Enr 2-IN-1_LIGHT (1X6),Other,Other,no conservative keyword match
DZ-GEN-BST-280,PCS,Star Bull Point,Other,Other,no conservative keyword match
"AER-S/S-DIA-3""-1WAY",PCS,Aerico S/s Diawater (one Way) 3,Other,Other,no conservative keyword match
AER-HOT-WAT-TAP,PCS,Aerico Hot Water Tap,Other,Plumbing,matched /\b(pipe|valve|tap|faucet|pvc|elbow|tee)\b/
AER-6UT66,PCS,Aerico 6UT66,Other,Other,no conservative keyword match
"HIN-W/BEA-ASA-5""",PAIR,Asabie S/steel Hinges With Bearing 5 X 2.5MM,Other,Other,no conservative keyword match
SOC-PG9-GEW,PCS,PG9 Gewiss GW52002,Other,Other,no conservative keyword match
"AER-S/S-DIA-3""-2WAY",PCS,Aerico S/s Diawater (two Way) 3,Other,Other,no conservative keyword match
SPO-LUN-CHI-CCP1,PKT,Top Plastic 5 Chinese Spoon,Other,Other,no conservative keyword match
TRCK-(0.40MM)-75MM-10FTS,PCS,Track (0.40MM)75MM X 25MM X 3000MM -10FTS,Other,Other,no conservative keyword match
"AER-OBE-CER-10""",PCS,Aerico 10 Obe Ceramic,Other,Other,no conservative keyword match
HEA-SPA-FAUCET-L661,PCS,L661 Faucet Spare Head,Other,Plumbing,matched /\b(pipe|valve|tap|faucet|pvc|elbow|tee)\b/
O-RING-22-26,PCS,O-ring 22-26,Other,Other,no conservative keyword match
REC--SQL-1200V,PCS,Rectifier 1200V,Other,Other,no conservative keyword match
CLI-MET,PCK,Metal Clip 500GRM,Other,Other,no conservative keyword match
MET-LED-ENE-MLHV32,PCS,Evr Compact Metal Light,Other,Other,no conservative keyword match
"BRU-CUP-TWI-3""",PCS,3 Twist Cup Brush,Other,Paint & Sundries,matched /\b(paint|primer|thinner|nippon|roller|brush)\b/
O-RING-16-21,PCS,O-ring 16-21,Other,Other,no conservative keyword match
LEAK-SPR-BLS500C,CAN,Bossman Leak Stop Spray 500ML (clear),Other,Other,no conservative keyword match
"NYLON-MAN-HAT-17""",PCS,17 Thai Nylon Man Hat,Other,Other,no conservative keyword match
WIR-BRC-601X30M,ROLL,610 X 30M Welded MS Grill,Other,Other,no conservative keyword match
LIQ-MOL-HAN-WAS-300G,CAN,HANDWASCHPASTE-300G,Other,Other,no conservative keyword match
POL-EXT-ALM4M3P,PCS,4 Meter Monkey King Pole (aluminium),Other,Other,no conservative keyword match
"HAT-STR-20""",PCS,20 Straw Hat,Other,Other,no conservative keyword match
CLI-SPE-TER-FEM,PCK,Female Speaker Clip Gold (10PCS/PCK),Other,Other,no conservative keyword match
NYLON-CORD-9042,MTR,Nylon Cord 9042 X 500G,Other,Other,no conservative keyword match
RAT-CAG,PCS,Rat Cage,Other,Other,no conservative keyword match
MET-WAT-PLA-KENT,PCS,Water Meter (plastic) 1/2 - Kent,Other,Other,no conservative keyword match
O-RING-22-26-RED,PCS,O-ring 22-26 (red),Other,Other,no conservative keyword match
SOC-6MM-3WAY,PCS,PVC 3/4 3WAY Box,Other,Plumbing,matched /\b(pipe|valve|tap|faucet|pvc|elbow|tee)\b/
SOC-EMPTY-PP100-1G,PCS,PP100 1G Ext Box,Other,Other,no conservative keyword match
THI-TAR-PIN,DOZ,Tarpin,Other,Other,no conservative keyword match
SCI-S/STEEL-TS265,PCS,S/steel Scissors 6.5,Other,Other,no conservative keyword match
BEAD-COR-2.5MTR,PCS,Karyon Brand PVC Corner Bead 2.5 MTR,Other,Plumbing,matched /\b(pipe|valve|tap|faucet|pvc|elbow|tee)\b/
CLO-SHRT-1094L-16.5,PCS,Golden Horse Working Shirt 1094L - 16.5,Other,Other,no conservative keyword match
CLO-SHRT-1094L-17,PCS,Golden Horse Working Shirt 1094L - 17,Other,Other,no conservative keyword match
TRCK-(0.40MM)-75MM -8FTS,PCS,Track (0.40MM) 75MM X 25MM - 8FTS,Other,Other,no conservative keyword match
FRI-STA-TOYOGO-TYG775,SET,Toyogo 4 IN 1 Durable Multi Use Stand,Other,Other,no conservative keyword match
O-RING-16-21-RED,PCS,O-ring 16-21 (red),Other,Other,no conservative keyword match
ENR-METAL-EMER-32,PCK,Enr Metal Emergency Beacon Light,Other,Other,no conservative keyword match
MAS-COT-CHM,PCS,Cotton Head Mask,Other,Safety & Workwear,matched /\b(glove|helmet|boot|mask|safety)\b/
MET-WAT-GK,PCS,Water Meter 1/2 - Gk,Other,Other,no conservative keyword match
"MIDDY-OUTLET-4""-WHT",PCS,Middy: 4 Outlet (white),Other,Other,no conservative keyword match
"SPO-WAS-2""",PCS,2 Washing Sponge,Other,Other,no conservative keyword match
O-RING-27-30-RED,PCS,O-ring 27-30 (red),Other,Other,no conservative keyword match
"SPO-WAS-5""X8""X1.5""",PCS,Sponge 5 X 8 X 1.5,Other,Other,no conservative keyword match
TOR-ENE-HDD-6V,PCK,Heavy Duty Dolphin - 6V,Other,Other,no conservative keyword match
O-RING-12-15,PCS,O-ring 12-15,Other,Other,no conservative keyword match
O-RING-27-30,PCS,O-ring 27-30,Other,Other,no conservative keyword match
POL-HAR-NYL-JM-665A-37~38MM,PCS,Harvesting Palm Oil Clip 1-1/2,Other,Other,no conservative keyword match
CHI-BIR-CUP,PCS,Bird Cup,Other,Other,no conservative keyword match
INK-CHI-BLA(HUA),PCS,Chinese Writing Ink (chong Hua),Other,Other,no conservative keyword match
CLO-SHRT-1094L-14,PCS,Golden Horse Working Shirt 1094L - 14,Other,Other,no conservative keyword match
FIB-CLO-GUM,SET,Fiber+cloth+gum,Other,Other,no conservative keyword match
MIDDY-PVC-BRA-WHI,PCS,Middy: PVC Bracket (white),Other,Plumbing,matched /\b(pipe|valve|tap|faucet|pvc|elbow|tee)\b/
TL2087POLY-DC4,ROLL,Thailion 2087 4 Polyethylene Dampcourse,Other,Other,no conservative keyword match
PAD-FIBR-DISC-BBU4,PCS,Bossman Fibre Disc Back-up Pad 4,Other,Abrasives & Cutting,matched /\b(disc|abrasive|sandpaper|cutting disc)\b/
MIDDY-CORNER OUT-G100CO-W,PCS,Middy:corner Out (white),Other,Other,no conservative keyword match
RIC-COO-PSN-SR-E10A-SU,PCS,1.0L Conventional R/c (sky Blue),Other,Other,no conservative keyword match
LAS-DIS-N60,SET,60M Sensui Laser Distance Digital Measuare (red Line),Other,Other,no conservative keyword match
SKI-JNT-COM-SUR-25KG,TIN,25KG Joint Compound - Scp,Other,Other,no conservative keyword match
CLO-SHRT-1094L-16,PCS,Golden Horse Working Shirt 1094L - 16,Other,Other,no conservative keyword match
PELEKAT-LALAT-CYZ7676,PCK,Sell Pelekat Lalat,Other,Other,no conservative keyword match
I-30CC-PELIKAN,BOT,Pelikan Stamp Pad Ink-blue,Other,Other,no conservative keyword match
HAN-CLO-JM-1039,SET,6 Hook S/steel Strong Hook,Other,Fasteners & Fixings,matched /\b(screw|nail|bolt|nut|anchor|hook)\b/
BRU-CON-CRM611,PCS,Contour Washing Brush 611,Other,Paint & Sundries,matched /\b(paint|primer|thinner|nippon|roller|brush)\b/
AER-MIN-POT-WAT-TAP,PCS,Aerico Mineral Pot Water Tap,Other,Plumbing,matched /\b(pipe|valve|tap|faucet|pvc|elbow|tee)\b/
HAR-THR-LOK-6271-10ML,PCS,Thread Lok:hardex 6271 10ML,Other,Other,no conservative keyword match
MIDDY-CORNER IN-G100CI-W,PCS,Middy:corner IN (white),Other,Other,no conservative keyword match
AER-COL-WAT-TAP,PCS,Aerico Cold Water Tap,Other,Plumbing,matched /\b(pipe|valve|tap|faucet|pvc|elbow|tee)\b/
O-RING-12-15-RED,PCS,O-ring 12-15 (red),Other,Other,no conservative keyword match
HAN-CLO-JM-1040,SET,8 Hook S/steel Strong Hook,Other,Fasteners & Fixings,matched /\b(screw|nail|bolt|nut|anchor|hook)\b/
"AER-STA-CER-10""",PCS,Aerico 10 Standard Ceramic,Other,Other,no conservative keyword match
ARM-PADS,PAIR,Arm Pads,Other,Other,no conservative keyword match
ICE-COO-INO-9LTR-THBW/K-3,PCS,Inova 9 Ltr. Ice Cooler,Other,Other,no conservative keyword match
MIDDY-END-CAP-LEFT-WHT,PCS,Middy: End Cap - Left (white),Other,Other,no conservative keyword match
MIDDY-END-CAP-RIGHT-WHT,PCS,Middy: End Cap - Right (white),Other,Other,no conservative keyword match
GWS060-BEARING-608-2RSH/C3,PCS,608 Bearing For Gws 060 Black,Other,Other,no conservative keyword match
ICE-COO-INO-13LTR-THBW/K-2,PCS,Inova 13 Ltr. Ice Cooler,Other,Other,no conservative keyword match
OUT-CON-RUB-BLACK-318,PCS,38MM Rubber Inlet Connector-black,Other,Other,no conservative keyword match
GWS060-BEARING-607-2RSH/C3,PCS,607 Bearing For Gws 060 Whi,Other,Other,no conservative keyword match
"SHA-FLE-33""",PCS,Flexible Shaft 33,Other,Other,no conservative keyword match
"AER-BV-101(3"")",PCS,"Aerico Bv 101 (3"")",Other,Other,no conservative keyword match
CLO-SHRT-1094L-15,PCS,Golden Horse Working Shirt 1094L - 15,Other,Other,no conservative keyword match
FOLD-SQUIR-RAT-CAG,PCS,5-1/2 X 11 Foldable Squirrel Mouse Case,Other,Other,no conservative keyword match
INK-POT-BIG-RED,PCS,PVC Ink Pot-big,Other,Plumbing,matched /\b(pipe|valve|tap|faucet|pvc|elbow|tee)\b/
INK-POT-BIG,PCS,Big Ink Pot,Other,Other,no conservative keyword match
INK-POT-SMALL,PCS,Small Ink Pot,Other,Other,no conservative keyword match
AER-COL-WAT-TAP-FEMALE,PCS,Aerico Cold Water Tap (female),Other,Plumbing,matched /\b(pipe|valve|tap|faucet|pvc|elbow|tee)\b/
AER-BOT-WAT-TAP,PCS,Aerico Bottle Water Tap,Other,Plumbing,matched /\b(pipe|valve|tap|faucet|pvc|elbow|tee)\b/
"AER-RO-JOI-4""+2""",PCS,Aerico 4 + 2 Ro Joint,Other,Other,no conservative keyword match
"DIE-ROU-1""",PCS,1 (25MM) Round Die,Other,Other,no conservative keyword match
MOT-FAN-BIG,PCS,Motor Fan (b),Other,Home Appliances,matched /\b(fan|heater|joven|khind)\b/
PIN-COT-GAJ,PCK,Gajah Cotter Pin 4 X 40MM,Other,Other,no conservative keyword match
"SOC-GI-2WAY-BOX-3/4""",PCS,GI 2WAY Box 3/4,Other,Other,no conservative keyword match
EAR-CHA-PVC,PCS,Tc Earth Chamber,Other,Other,no conservative keyword match
REM-CON-RC/M-AUN787,PCS,Huayu Multi Fan Remote Control,Other,Home Appliances,matched /\b(fan|heater|joven|khind)\b/
WAT-TUB-TSP-2021,PCS,Bath Dipper,Other,Other,no conservative keyword match
MOT-FAN-SMALL,PCS,Motor Fan,Other,Home Appliances,matched /\b(fan|heater|joven|khind)\b/
FSK-FAC-TAP-3320-3M,FTS,3M 3320 Fsk Facing Tape,Other,Other,no conservative keyword match
OUT-CON-RUB-BLACK-60MM,PCS,60MM Rubber Cone-whi/blk,Other,Other,no conservative keyword match
BRU-COP-204,PCS,204 Copper Brush,Other,Paint & Sundries,matched /\b(paint|primer|thinner|nippon|roller|brush)\b/
BRU-PLA-E838,PCS,Plastic Brush,Other,Paint & Sundries,matched /\b(paint|primer|thinner|nippon|roller|brush)\b/
O-RING-7-11-RED,PCS,O-ring 7-11 (red),Other,Other,no conservative keyword match
"SHE-LEA-1""X3""",KGS,Lead Sheet 1 X 3,Other,Other,no conservative keyword match
